0.971,1.566,1463,1967.796,0.789,0.306,138244.972,105533.509,0.005
0.971,1.566,1463,1967.796,0.789,0.306,138245.565,105533.795,0.005
0.971,1.566,1463,1967.796,0.789,0.306,138258.814,105525.578,0.005
0.971,1.566,1463,1967.796,0.789,0.306,138288.495,105497.951,0.005
0.971,1.566,1463,1967.796,0.789,0.306,138331.446,105444.006,0.005
0.971,1.566,1463,1967.796,0.789,0.306,138385.626,105361.59,0.005
0.971,1.566,1463,1967.796,0.789,0.306,138450.782,105251.471,0.005
0.971,1.566,1463,1967.796,0.789,0.306,138527.082,105116.214,0.005
0.971,1.566,1463,1967.796,0.789,0.306,138614.537,104959.397,0.005
0.971,1.566,1463,1967.796,0.789,0.306,138712.592,104785.03,0.005
0.971,1.566,1463,1967.796,0.789,0.306,138819.981,104597.207,0.005
0.971,1.566,1463,1967.796,0.789,0.306,138934.82,104399.913,0.005
0.971,1.566,1463,1967.796,0.789,0.306,139054.832,104196.944,0.005
0.971,1.566,1463,1967.796,0.789,0.306,139177.58,103991.867,0.005
0.971,1.566,1463,1967.796,0.789,0.306,139300.68,103788.016,0.005
0.971,1.566,1463,1967.796,0.789,0.306,139421.908,103588.501,0.005
0.971,1.566,1463,1967.796,0.789,0.306,139538.733,103396.528,0.005
0.971,1.566,1463,1967.796,0.789,0.306,139647.591,103216.35,0.005
0.971,1.566,1463,1967.796,0.789,0.306,139745.522,103052.897,0.005
0.971,1.566,1463,1967.796,0.789,0.306,139830.691,102911.128,0.005
0.971,1.566,1463,1967.796,0.789,0.306,139902.354,102795.186,0.005
0.971,1.566,1463,1967.796,0.789,0.306,139960.318,102708.129,0.005
0.971,1.566,1463,1967.796,0.789,0.306,140004.907,102651.639,0.005
0.971,1.566,1463,1967.796,0.789,0.306,140036.59,102626.165,0.005
0.971,1.566,1463,1967.796,0.789,0.306,140056.058,102630.949,0.005
0.971,1.566,1463,1967.796,0.789,0.306,140064.309,102664.127,0.005
0.971,1.566,1463,1967.796,0.789,0.306,140062.866,102722.639,0.005
0.971,1.566,1463,1967.796,0.789,0.306,140052.851,102802.896,0.005
0.971,1.566,1463,1967.796,0.789,0.306,140035.382,102900.963,0.005
0.971,1.566,1463,1967.796,0.789,0.306,140011.31,103013.117,0.005
0.971,1.566,1463,1967.796,0.789,0.306,139981.64,103135.787,0.005
0.971,1.566,1463,1967.796,0.789,0.306,139947.19,103265.882,0.005
0.971,1.566,1463,1967.796,0.789,0.306,139908.885,103400.608,0.005
0.971,1.566,1463,1967.796,0.789,0.306,139867.461,103537.691,0.005
0.971,1.566,1463,1967.796,0.789,0.306,139823.747,103675.124,0.005
0.971,1.566,1463,1967.796,0.789,0.306,139778.343,103811.333,0.005
0.971,1.566,1463,1967.796,0.789,0.306,139731.896,103944.937,0.005
0.971,1.566,1463,1967.796,0.789,0.306,139684.824,104074.901,0.005
0.971,1.566,1463,1967.796,0.789,0.306,139637.589,104200.31,0.005
0.971,1.566,1463,1967.796,0.789,0.306,139590.452,104320.41,0.005
0.971,1.566,1463,1967.796,0.789,0.306,139543.723,104429.983,0.005
0.971,1.566,1463,1967.796,0.789,0.306,139497.516,104525.585,0.005
0.971,1.566,1463,1967.796,0.789,0.306,139452.015,104608.129,0.005
0.971,1.566,1463,1967.796,0.789,0.306,139407.28,104680.129,0.005
0.971,1.566,1463,1967.796,0.789,0.306,139363.459,104744.45,0.005
0.971,1.566,1463,1967.796,0.789,0.306,139320.589,104803.688,0.005
0.971,1.566,1463,1967.796,0.789,0.306,139278.791,104859.727,0.005
0.971,1.566,1463,1967.796,0.789,0.306,139238.08,104913.757,0.005
0.971,1.566,1463,1967.796,0.789,0.306,139198.533,104966.266,0.005
0.971,1.566,1463,1967.796,0.789,0.306,139159.778,105017.311,0.005
0.971,1.566,1463,1967.796,0.789,0.306,139121.54,105066.615,0.005
0.971,1.566,1463,1967.796,0.789,0.306,139083.798,105113.854,0.005
0.971,1.566,1463,1967.796,0.789,0.306,139046.594,105158.783,0.005
0.971,1.566,1463,1967.796,0.789,0.306,139009.931,105201.372,0.005
0.971,1.566,1463,1967.796,0.789,0.306,138973.768,105241.813,0.005
0.971,1.566,1463,1967.796,0.789,0.306,138938.155,105280.421,0.005
0.971,1.566,1463,1967.796,0.789,0.306,138903.222,105317.502,0.005
0.971,1.566,1463,1967.796,0.789,0.306,138869.106,105353.264,0.005
0.971,1.566,1463,1967.796,0.789,0.306,138835.919,105387.776,0.005
0.971,1.566,1463,1967.796,0.789,0.306,138803.698,105420.995,0.005
0.971,1.566,1463,1967.796,0.789,0.306,138772.409,105452.815,0.005
0.971,1.566,1463,1967.796,0.789,0.306,138741.966,105483.13,0.005
0.971,1.566,1463,1967.796,0.789,0.306,138712.27,105511.876,0.005
0.971,1.566,1463,1967.796,0.789,0.306,138683.237,105539.042,0.005
0.971,1.566,1463,1967.796,0.789,0.306,138654.818,105564.665,0.005
0.971,1.566,1463,1967.796,0.789,0.306,138626.999,105588.808,0.005
0.971,1.566,1463,1967.796,0.789,0.306,138599.793,105611.54,0.005
0.971,1.566,1463,1967.796,0.789,0.306,138573.22,105632.921,0.005
0.971,1.566,1463,1967.796,0.789,0.306,138547.303,105652.995,0.005
0.971,1.566,1463,1967.796,0.789,0.306,138522.051,105671.795,0.005
0.971,1.566,1463,1967.796,0.789,0.306,138497.463,105689.349,0.005
0.971,1.566,1463,1967.796,0.789,0.306,138473.531,105705.689,0.005
0.971,1.566,1463,1967.796,0.789,0.306,138450.244,105720.848,0.005
0.971,1.566,1463,1967.796,0.789,0.306,138427.591,105734.868,0.005
0.971,1.566,1463,1967.796,0.789,0.306,138405.564,105747.795,0.005
0.971,1.566,1463,1967.796,0.789,0.306,138384.157,105759.675,0.005
0.971,1.566,1463,1967.796,0.789,0.306,138363.366,105770.553,0.005
0.971,1.566,1463,1967.796,0.789,0.306,138343.184,105780.475,0.005
0.971,1.566,1463,1967.796,0.789,0.306,138323.606,105789.479,0.005
0.971,1.566,1463,1967.796,0.789,0.306,138304.622,105797.609,0.005
0.971,1.566,1463,1967.796,0.789,0.306,138286.223,105804.902,0.005
0.971,1.566,1463,1967.796,0.789,0.306,138268.398,105811.401,0.005
0.971,1.566,1463,1967.796,0.789,0.306,138251.136,105817.145,0.005
0.971,1.566,1463,1967.796,0.789,0.306,138234.425,105822.177,0.005
0.971,1.566,1463,1967.796,0.789,0.306,138218.257,105826.538,0.005
0.971,1.566,1463,1967.796,0.789,0.306,138202.622,105830.268,0.005
0.971,1.566,1463,1967.796,0.789,0.306,138187.509,105833.406,0.005
0.971,1.566,1463,1967.796,0.789,0.306,138172.91,105835.991,0.005
0.971,1.566,1463,1967.796,0.789,0.306,138158.814,105838.058,0.005
0.971,1.566,1463,1967.796,0.789,0.306,138145.21,105839.644,0.005
0.971,1.566,1463,1967.796,0.789,0.306,138132.089,105840.783,0.005
0.971,1.566,1463,1967.796,0.789,0.306,138119.439,105841.509,0.005
0.971,1.566,1463,1967.796,0.789,0.306,138107.251,105841.854,0.005
0.971,1.566,1463,1967.796,0.789,0.306,138095.514,105841.851,0.005
0.971,1.566,1463,1967.796,0.789,0.306,138084.217,105841.531,0.005
0.971,1.566,1463,1967.796,0.789,0.306,138073.352,105840.922,0.005
0.971,1.566,1463,1967.796,0.789,0.306,138062.907,105840.055,0.005
0.971,1.566,1463,1967.796,0.789,0.306,138052.873,105838.955,0.005
0.971,1.566,1463,1967.796,0.789,0.306,138043.241,105837.648,0.005
0.971,1.566,1463,1967.796,0.789,0.306,138033.999,105836.161,0.005
0.971,1.566,1463,1967.796,0.789,0.306,138025.14,105834.516,0.005
0.971,1.566,1463,1967.796,0.789,0.306,138016.652,105832.736,0.005
0.971,1.566,1463,1967.796,0.789,0.306,138008.527,105830.843,0.005
0.971,1.566,1463,1967.796,0.789,0.306,138000.755,105828.858,0.005
0.971,1.566,1463,1967.796,0.789,0.306,137993.328,105826.798,0.005
0.971,1.566,1463,1967.796,0.789,0.306,137986.235,105824.683,0.005
0.971,1.566,1463,1967.796,0.789,0.306,137979.469,105822.529,0.005
0.971,1.566,1463,1967.796,0.789,0.306,137973.019,105820.354,0.005
0.971,1.566,1463,1967.796,0.789,0.306,137966.878,105818.17,0.005
0.971,1.566,1463,1967.796,0.789,0.306,137961.037,105815.994,0.005
0.971,1.566,1463,1967.796,0.789,0.306,137955.488,105813.837,0.005
0.971,1.566,1463,1967.796,0.789,0.306,137950.221,105811.711,0.005
0.971,1.566,1463,1967.796,0.789,0.306,137945.23,105809.628,0.005
0.971,1.566,1463,1967.796,0.789,0.306,137940.506,105807.598,0.005
0.971,1.566,1463,1967.796,0.789,0.306,137936.041,105805.629,0.005
0.971,1.566,1463,1967.796,0.789,0.306,137931.827,105803.732,0.005
0.971,1.566,1463,1967.796,0.789,0.306,137927.857,105801.912,0.005
0.971,1.566,1463,1967.796,0.789,0.306,137924.123,105800.176,0.005
0.971,1.566,1463,1967.796,0.789,0.306,137920.619,105798.532,0.005
0.971,1.566,1463,1967.796,0.789,0.306,137917.335,105796.983,0.005
0.971,1.566,1463,1967.796,0.789,0.306,137914.266,105795.535,0.005
0.971,1.566,1463,1967.796,0.789,0.306,137911.405,105794.192,0.005
0.971,1.566,1463,1967.796,0.789,0.306,137908.744,105792.957,0.005
0.971,1.566,1463,1967.796,0.789,0.306,137906.277,105791.832,0.005
0.971,1.566,1463,1967.796,0.789,0.306,137903.998,105790.82,0.005
0.971,1.566,1463,1967.796,0.789,0.306,137901.899,105789.921,0.005
0.971,1.566,1463,1967.796,0.789,0.306,137899.974,105789.139,0.005
0.971,1.566,1463,1967.796,0.789,0.306,137898.218,105788.472,0.005
0.971,1.566,1463,1967.796,0.789,0.306,137896.624,105787.92,0.005
0.971,1.566,1463,1967.796,0.789,0.306,137895.185,105787.485,0.005
0.971,1.566,1463,1967.796,0.789,0.306,137893.896,105787.165,0.005
0.971,1.566,1463,1967.796,0.789,0.306,137892.75,105786.96,0.005
0.971,1.566,1463,1967.796,0.789,0.306,137891.742,105786.868,0.005
0.971,1.566,1463,1967.796,0.789,0.306,137890.866,105786.889,0.005
0.971,1.566,1463,1967.796,0.789,0.306,137890.115,105787.021,0.005
0.971,1.566,1463,1967.796,0.789,0.306,137889.485,105787.264,0.005
0.971,1.566,1463,1967.796,0.789,0.306,137888.969,105787.613,0.005
0.971,1.566,1463,1967.796,0.789,0.306,137888.563,105788.068,0.005
0.971,1.566,1463,1967.796,0.789,0.306,137888.261,105788.625,0.005
0.971,1.566,1463,1967.796,0.789,0.306,137888.058,105789.283,0.005
0.971,1.566,1463,1967.796,0.789,0.306,137887.949,105790.036,0.005
0.971,1.566,1463,1967.796,0.789,0.306,137887.929,105790.883,0.005
0.971,1.566,1463,1967.796,0.789,0.306,137887.994,105791.82,0.005
0.971,1.566,1463,1967.796,0.789,0.306,137888.138,105792.843,0.005
0.971,1.566,1463,1967.796,0.789,0.306,137888.358,105793.948,0.005
0.971,1.566,1463,1967.796,0.789,0.306,137888.649,105795.133,0.005
0.971,1.566,1463,1967.796,0.789,0.306,137889.006,105796.393,0.005
0.971,1.566,1463,1967.796,0.789,0.306,137889.426,105797.724,0.005
0.971,1.566,1463,1967.796,0.789,0.306,137889.904,105799.123,0.005
0.971,1.566,1463,1967.796,0.789,0.306,137890.437,105800.585,0.005
0.971,1.566,1463,1967.796,0.789,0.306,137891.021,105802.107,0.005
0.971,1.566,1463,1967.796,0.789,0.306,137891.652,105803.685,0.005
0.971,1.566,1463,1967.796,0.789,0.306,137892.327,105805.314,0.005
0.971,1.566,1463,1967.796,0.789,0.306,137893.042,105806.992,0.005
0.971,1.566,1463,1967.796,0.789,0.306,137893.793,105808.714,0.005
0.971,1.566,1463,1967.796,0.789,0.306,137894.578,105810.476,0.005
0.971,1.566,1463,1967.796,0.789,0.306,137895.393,105812.275,0.005
0.971,1.566,1463,1967.796,0.789,0.306,137896.236,105814.107,0.005
0.971,1.566,1463,1967.796,0.789,0.306,137897.103,105815.968,0.005
0.971,1.566,1463,1967.796,0.789,0.306,137897.991,105817.855,0.005
0.971,1.566,1463,1967.796,0.789,0.306,137898.898,105819.765,0.005
0.971,1.566,1463,1967.796,0.789,0.306,137899.821,105821.694,0.005
0.971,1.566,1463,1967.796,0.789,0.306,137900.757,105823.638,0.005
0.971,1.566,1463,1967.796,0.789,0.306,137901.704,105825.595,0.005
0.971,1.566,1463,1967.796,0.789,0.306,137902.661,105827.562,0.005
0.971,1.566,1463,1967.796,0.789,0.306,137903.623,105829.536,0.005
0.971,1.566,1463,1967.796,0.789,0.306,137904.589,105831.513,0.005
0.971,1.566,1463,1967.796,0.789,0.306,137905.558,105833.491,0.005
0.971,1.566,1463,1967.796,0.789,0.306,137906.527,105835.467,0.005
0.971,1.566,1463,1967.796,0.789,0.306,137907.493,105837.44,0.005
0.971,1.566,1463,1967.796,0.789,0.306,137908.456,105839.406,0.005
0.971,1.566,1463,1967.796,0.789,0.306,137909.414,105841.363,0.005
0.971,1.566,1463,1967.796,0.789,0.306,137910.364,105843.308,0.005
0.971,1.566,1463,1967.796,0.789,0.306,137911.306,105845.241,0.005
0.971,1.566,1463,1967.796,0.789,0.306,137912.238,105847.158,0.005
0.971,1.566,1463,1967.796,0.789,0.306,137913.157,105849.059,0.005
0.971,1.566,1463,1967.796,0.789,0.306,137914.064,105850.941,0.005
0.971,1.566,1463,1967.796,0.789,0.306,137914.957,105852.802,0.005
0.971,1.566,1463,1967.796,0.789,0.306,137915.834,105854.642,0.005
0.971,1.566,1463,1967.796,0.789,0.306,137916.694,105856.458,0.005
0.971,1.566,1463,1967.796,0.789,0.306,137917.537,105858.249,0.005
0.971,1.566,1463,1967.796,0.789,0.306,137918.362,105860.015,0.005
0.971,1.566,1463,1967.796,0.789,0.306,137919.167,105861.753,0.005
0.971,1.566,1463,1967.796,0.789,0.306,137919.951,105863.464,0.005
0.971,1.566,1463,1967.796,0.789,0.306,137920.715,105865.145,0.005
0.971,1.566,1463,1967.796,0.789,0.306,137921.456,105866.797,0.005
0.971,1.566,1463,1967.796,0.789,0.306,137922.175,105868.419,0.005
0.971,1.566,1463,1967.796,0.789,0.306,137922.872,105870.009,0.005
0.971,1.566,1463,1967.796,0.789,0.306,137923.544,105871.567,0.005
0.971,1.566,1463,1967.796,0.789,0.306,137924.193,105873.094,0.005
0.971,1.566,1463,1967.796,0.789,0.306,137924.817,105874.587,0.005
0.971,1.566,1463,1967.796,0.789,0.306,137925.417,105876.048,0.005
0.971,1.566,1463,1967.796,0.789,0.306,137925.992,105877.475,0.005
0.971,1.566,1463,1967.796,0.789,0.306,137926.541,105878.869,0.005
0.971,1.566,1463,1967.796,0.789,0.306,137927.065,105880.23,0.005
0.971,1.566,1463,1967.796,0.789,0.306,137927.563,105881.557,0.005
0.971,1.566,1463,1967.796,0.789,0.306,137928.036,105882.85,0.005
0.971,1.566,1463,1967.796,0.789,0.306,137928.483,105884.11,0.005
0.971,1.566,1463,1967.796,0.789,0.306,137928.904,105885.336,0.005
0.971,1.566,1463,1967.796,0.789,0.306,137929.299,105886.529,0.005
0.971,1.566,1463,1967.796,0.789,0.306,137929.669,105887.689,0.005
0.971,1.566,1463,1967.796,0.789,0.306,137930.013,105888.816,0.005
0.971,1.566,1463,1967.796,0.789,0.306,137930.332,105889.911,0.005
0.971,1.566,1463,1967.796,0.789,0.306,137930.626,105890.973,0.005
0.971,1.566,1463,1967.796,0.789,0.306,137930.894,105892.004,0.005
0.971,1.566,1463,1967.796,0.789,0.306,137931.138,105893.003,0.005
0.971,1.566,1463,1967.796,0.789,0.306,137931.358,105893.971,0.005
0.971,1.566,1463,1967.796,0.789,0.306,137931.553,105894.909,0.005
0.971,1.566,1463,1967.796,0.789,0.306,137931.725,105895.817,0.005
0.971,1.566,1463,1967.796,0.789,0.306,137931.873,105896.695,0.005
0.971,1.566,1463,1967.796,0.789,0.306,137931.999,105897.544,0.005
0.971,1.566,1463,1967.796,0.789,0.306,137932.101,105898.365,0.005
0.971,1.566,1463,1967.796,0.789,0.306,137932.182,105899.158,0.005
0.971,1.566,1463,1967.796,0.789,0.306,137932.24,105899.924,0.005
0.971,1.566,1463,1967.796,0.789,0.306,137932.278,105900.664,0.005
0.971,1.566,1463,1967.796,0.789,0.306,137932.294,105901.377,0.005
0.971,1.566,1463,1967.796,0.789,0.306,137932.291,105902.065,0.005
0.971,1.566,1463,1967.796,0.789,0.306,137932.267,105902.728,0.005
0.971,1.566,1463,1967.796,0.789,0.306,137932.225,105903.367,0.005
0.971,1.566,1463,1967.796,0.789,0.306,137932.163,105903.983,0.005
0.971,1.566,1463,1967.796,0.789,0.306,137932.084,105904.576,0.005
0.971,1.566,1463,1967.796,0.789,0.306,137931.986,105905.146,0.005
0.971,1.566,1463,1967.796,0.789,0.306,137931.872,105905.696,0.005
0.971,1.566,1463,1967.796,0.789,0.306,137931.742,105906.224,0.005
0.971,1.566,1463,1967.796,0.789,0.306,137931.595,105906.732,0.005
0.971,1.566,1463,1967.796,0.789,0.306,137931.434,105907.22,0.005
0.971,1.566,1463,1967.796,0.789,0.306,137931.257,105907.689,0.005
0.971,1.566,1463,1967.796,0.789,0.306,137931.067,105908.141,0.005
0.971,1.566,1463,1967.796,0.789,0.306,137930.863,105908.574,0.005
0.971,1.566,1463,1967.796,0.789,0.306,137930.646,105908.99,0.005
0.971,1.566,1463,1967.796,0.789,0.306,137930.417,105909.39,0.005
0.971,1.566,1463,1967.796,0.789,0.306,137930.176,105909.773,0.005
0.971,1.566,1463,1967.796,0.789,0.306,137929.923,105910.142,0.005
0.971,1.566,1463,1967.796,0.789,0.306,137929.661,105910.495,0.005
0.971,1.566,1463,1967.796,0.789,0.306,137929.388,105910.834,0.005
0.971,1.566,1463,1967.796,0.789,0.306,137929.106,105911.16,0.005
0.971,1.566,1463,1967.796,0.789,0.306,137928.815,105911.472,0.005
0.971,1.566,1463,1967.796,0.789,0.306,137928.516,105911.772,0.005
0.971,1.566,1463,1967.796,0.789,0.306,137928.21,105912.06,0.005
0.971,1.566,1463,1967.796,0.789,0.306,137927.896,105912.336,0.005
0.971,1.566,1463,1967.796,0.789,0.306,137927.575,105912.601,0.005
0.971,1.566,1463,1967.796,0.789,0.306,137927.249,105912.855,0.005
0.971,1.566,1463,1967.796,0.789,0.306,137926.917,105913.099,0.005
0.971,1.566,1463,1967.796,0.789,0.306,137926.58,105913.333,0.005
0.971,1.566,1463,1967.796,0.789,0.306,137926.239,105913.558,0.005
0.971,1.566,1463,1967.796,0.789,0.306,137925.894,105913.773,0.005
0.971,1.566,1463,1967.796,0.789,0.306,137925.545,105913.981,0.005
0.971,1.566,1463,1967.796,0.789,0.306,137925.193,105914.179,0.005
0.971,1.566,1463,1967.796,0.789,0.306,137924.839,105914.371,0.005
0.971,1.566,1463,1967.796,0.789,0.306,137924.483,105914.554,0.005
0.971,1.566,1463,1967.796,0.789,0.306,137924.125,105914.731,0.005
0.971,1.566,1463,1967.796,0.789,0.306,137923.766,105914.9,0.005
0.971,1.566,1463,1967.796,0.789,0.306,137923.406,105915.063,0.005
0.971,1.566,1463,1967.796,0.789,0.306,137923.046,105915.22,0.005
0.971,1.566,1463,1967.796,0.789,0.306,137922.687,105915.371,0.005
0.971,1.566,1463,1967.796,0.789,0.306,137922.327,105915.516,0.005
0.971,1.566,1463,1967.796,0.789,0.306,137921.969,105915.656,0.005
0.971,1.566,1463,1967.796,0.789,0.306,137921.612,105915.79,0.005
0.971,1.566,1463,1967.796,0.789,0.306,137921.256,105915.92,0.005
0.971,1.566,1463,1967.796,0.789,0.306,137920.903,105916.045,0.005
0.971,1.566,1463,1967.796,0.789,0.306,137920.552,105916.165,0.005
0.971,1.566,1463,1967.796,0.789,0.306,137920.203,105916.281,0.005
0.971,1.566,1463,1967.796,0.789,0.306,137919.858,105916.393,0.005
0.971,1.566,1463,1967.796,0.789,0.306,137919.515,105916.5,0.005
0.971,1.566,1463,1967.796,0.789,0.306,137919.176,105916.604,0.005
0.971,1.566,1463,1967.796,0.789,0.306,137918.841,105916.704,0.005
0.971,1.566,1463,1967.796,0.789,0.306,137918.51,105916.801,0.005
0.971,1.566,1463,1967.796,0.789,0.306,137918.183,105916.894,0.005
0.971,1.566,1463,1967.796,0.789,0.306,137917.861,105916.984,0.005
0.971,1.566,1463,1967.796,0.789,0.306,137917.543,105917.07,0.005
0.971,1.566,1463,1967.796,0.789,0.306,137917.231,105917.154,0.005
0.971,1.566,1463,1967.796,0.789,0.306,137916.923,105917.234,0.005
0.971,1.566,1463,1967.796,0.789,0.306,137916.621,105917.312,0.005
0.971,1.566,1463,1967.796,0.789,0.306,137916.325,105917.387,0.005
0.971,1.566,1463,1967.796,0.789,0.306,137916.034,105917.459,0.005
0.971,1.566,1463,1967.796,0.789,0.306,137915.749,105917.528,0.005
0.971,1.566,1463,1967.796,0.789,0.306,137915.47,105917.595,0.005
0.971,1.566,1463,1967.796,0.789,0.306,137915.198,105917.659,0.005
0.971,1.566,1463,1967.796,0.789,0.306,137914.931,105917.72,0.005
0.971,1.566,1463,1967.796,0.789,0.306,137914.671,105917.779,0.005
0.971,1.566,1463,1967.796,0.789,0.306,137914.417,105917.835,0.005
0.971,1.566,1463,1967.796,0.789,0.306,137914.17,105917.889,0.005
0.971,1.566,1463,1967.796,0.789,0.306,137913.93,105917.94,0.005
0.971,1.566,1463,1967.796,0.789,0.306,137913.696,105917.989,0.005
0.971,1.566,1463,1967.796,0.789,0.306,137913.47,105918.036,0.005
0.971,1.566,1463,1967.796,0.789,0.306,137913.25,105918.08,0.005
0.971,1.566,1463,1967.796,0.789,0.306,137913.037,105918.122,0.005
0.971,1.566,1463,1967.796,0.789,0.306,137912.831,105918.161,0.005
0.971,1.566,1463,1967.796,0.789,0.306,137912.632,105918.198,0.005
0.971,1.566,1463,1967.796,0.789,0.306,137912.44,105918.232,0.005
0.971,1.566,1463,1967.796,0.789,0.306,137912.255,105918.264,0.005
0.971,1.566,1463,1967.796,0.789,0.306,137912.078,105918.294,0.005
0.971,1.566,1463,1967.796,0.789,0.306,137911.907,105918.321,0.005
0.971,1.566,1463,1967.796,0.789,0.306,137911.744,105918.345,0.005
0.971,1.566,1463,1967.796,0.789,0.306,137911.588,105918.367,0.005
0.971,1.566,1463,1967.796,0.789,0.306,137911.438,105918.387,0.005
0.971,1.566,1463,1967.796,0.789,0.306,137911.296,105918.404,0.005
0.971,1.566,1463,1967.796,0.789,0.306,137911.161,105918.419,0.005
0.971,1.566,1463,1967.796,0.789,0.306,137911.033,105918.43,0.005
0.971,1.566,1463,1967.796,0.789,0.306,137910.912,105918.44,0.005
0.971,1.566,1463,1967.796,0.789,0.306,137910.799,105918.446,0.005
0.971,1.566,1463,1967.796,0.789,0.306,137910.692,105918.45,0.005
0.971,1.566,1463,1967.796,0.789,0.306,137910.592,105918.452,0.005
0.971,1.566,1463,1967.796,0.789,0.306,137910.498,105918.45,0.005
0.971,1.566,1463,1967.796,0.789,0.306,137910.412,105918.446,0.005
0.971,1.566,1463,1967.796,0.789,0.306,137910.333,105918.439,0.005
0.971,1.566,1463,1967.796,0.789,0.306,137910.26,105918.43,0.005
0.971,1.566,1463,1967.796,0.789,0.306,137910.193,105918.417,0.005
0.971,1.566,1463,1967.796,0.789,0.306,137910.133,105918.402,0.005
0.971,1.566,1463,1967.796,0.789,0.306,137910.078,105918.385,0.005
0.971,1.566,1463,1967.796,0.789,0.306,137910.029,105918.367,0.005
0.971,1.566,1463,1967.796,0.789,0.306,137909.984,105918.348,0.005
0.971,1.566,1463,1967.796,0.789,0.306,137909.944,105918.329,0.005
0.971,1.566,1463,1967.796,0.789,0.306,137909.908,105918.31,0.005
0.971,1.566,1463,1967.796,0.789,0.306,137909.878,105918.291,0.005
0.971,1.566,1463,1967.796,0.789,0.306,137909.852,105918.273,0.005
0.971,1.566,1463,1967.796,0.789,0.306,137909.83,105918.254,0.005
0.971,1.566,1463,1967.796,0.789,0.306,137909.813,105918.235,0.005
0.971,1.566,1463,1967.796,0.789,0.306,137909.799,105918.214,0.005
0.971,1.566,1463,1967.796,0.789,0.306,137909.79,105918.193,0.005
0.971,1.566,1463,1967.796,0.789,0.306,137909.784,105918.172,0.005
0.971,1.566,1463,1967.796,0.789,0.306,137909.782,105918.149,0.005
0.971,1.566,1463,1967.796,0.789,0.306,137909.784,105918.125,0.005
0.971,1.566,1463,1967.796,0.789,0.306,137909.789,105918.1,0.005
0.971,1.566,1463,1967.796,0.789,0.306,137909.799,105918.075,0.005
0.971,1.566,1463,1967.796,0.789,0.306,137909.812,105918.048,0.005
0.971,1.566,1463,1967.796,0.789,0.306,137909.828,105918.019,0.005
0.971,1.566,1463,1967.796,0.789,0.306,137909.849,105917.99,0.005
0.971,1.566,1463,1967.796,0.789,0.306,137909.872,105917.958,0.005
0.971,1.566,1463,1967.796,0.789,0.306,137909.9,105917.926,0.005
0.971,1.566,1463,1967.796,0.789,0.306,137909.93,105917.891,0.005
0.971,1.566,1463,1967.796,0.789,0.306,137909.965,105917.855,0.005
0.971,1.566,1463,1967.796,0.789,0.306,137910.002,105917.817,0.005
0.971,1.566,1463,1967.796,0.789,0.306,137910.043,105917.776,0.005
0.971,1.566,1463,1967.796,0.789,0.306,137910.087,105917.734,0.005
0.971,1.566,1463,1967.796,0.789,0.306,137910.135,105917.69,0.005
0.971,1.566,1463,1967.796,0.789,0.306,137910.186,105917.643,0.005
0.971,1.566,1463,1967.796,0.789,0.306,137910.24,105917.591,0.005
0.971,1.566,1463,1967.796,0.789,0.306,137910.298,105917.535,0.005
0.971,1.566,1463,1967.796,0.789,0.306,137910.358,105917.475,0.005
0.971,1.566,1463,1967.796,0.789,0.306,137910.422,105917.409,0.005
0.971,1.566,1463,1967.796,0.789,0.306,137910.489,105917.337,0.005
0.971,1.566,1463,1967.796,0.789,0.306,137910.559,105917.261,0.005
0.971,1.566,1463,1967.796,0.789,0.306,137910.632,105917.18,0.005
0.971,1.566,1463,1967.796,0.789,0.306,137910.708,105917.096,0.005
0.971,1.566,1463,1967.796,0.789,0.306,137910.787,105917.01,0.005
0.971,1.566,1463,1967.796,0.789,0.306,137910.868,105916.921,0.005
0.971,1.566,1463,1967.796,0.789,0.306,137910.953,105916.83,0.005
0.971,1.566,1463,1967.796,0.789,0.306,137911.041,105916.737,0.005
0.971,1.566,1463,1967.796,0.789,0.306,137911.131,105916.642,0.005
0.971,1.566,1463,1967.796,0.789,0.306,137911.225,105916.545,0.005
0.971,1.566,1463,1967.796,0.789,0.306,137911.321,105916.446,0.005
0.971,1.566,1463,1967.796,0.789,0.306,137911.42,105916.345,0.005
0.971,1.566,1463,1967.796,0.789,0.306,137911.522,105916.241,0.005
0.971,1.566,1463,1967.796,0.789,0.306,137911.627,105916.135,0.005
0.971,1.566,1463,1967.796,0.789,0.306,137911.734,105916.026,0.005
0.971,1.566,1463,1967.796,0.789,0.306,137911.844,105915.914,0.005
0.971,1.566,1463,1967.796,0.789,0.306,137911.957,105915.8,0.005
0.971,1.566,1463,1967.796,0.789,0.306,137912.073,105915.682,0.005
0.971,1.566,1463,1967.796,0.789,0.306,137912.191,105915.562,0.005
0.971,1.566,1463,1967.796,0.789,0.306,137912.312,105915.438,0.005
0.971,1.566,1463,1967.796,0.789,0.306,137912.433,105915.311,0.005
0.971,1.566,1463,1967.796,0.789,0.306,137912.555,105915.181,0.005
0.971,1.566,1463,1967.796,0.789,0.306,137912.677,105915.047,0.005
0.971,1.566,1463,1967.796,0.789,0.306,137912.801,105914.91,0.005
0.971,1.566,1463,1967.796,0.789,0.306,137912.926,105914.77,0.005
0.971,1.566,1463,1967.796,0.789,0.306,137913.054,105914.626,0.005
0.971,1.566,1463,1967.796,0.789,0.306,137913.185,105914.479,0.005
0.971,1.566,1463,1967.796,0.789,0.306,137913.318,105914.328,0.005
0.971,1.566,1463,1967.796,0.789,0.306,137913.455,105914.174,0.005
0.971,1.566,1463,1967.796,0.789,0.306,137913.596,105914.016,0.005
0.971,1.566,1463,1967.796,0.789,0.306,137913.74,105913.854,0.005
0.971,1.566,1463,1967.796,0.789,0.306,137913.887,105913.689,0.005
0.971,1.566,1463,1967.796,0.789,0.306,137914.037,105913.52,0.005
0.971,1.566,1463,1967.796,0.789,0.306,137914.191,105913.348,0.005
0.971,1.566,1463,1967.796,0.789,0.306,137914.347,105913.172,0.005
0.971,1.566,1463,1967.796,0.789,0.306,137914.507,105912.993,0.005
0.971,1.566,1463,1967.796,0.789,0.306,137914.669,105912.81,0.005
0.971,1.566,1463,1967.796,0.789,0.306,137914.835,105912.624,0.005
0.971,1.566,1463,1967.796,0.789,0.306,137915.003,105912.434,0.005
0.971,1.566,1463,1967.796,0.789,0.306,137915.174,105912.241,0.005
0.971,1.566,1463,1967.796,0.789,0.306,137915.348,105912.044,0.005
0.971,1.566,1463,1967.796,0.789,0.306,137915.525,105911.844,0.005
0.971,1.566,1463,1967.796,0.789,0.306,137915.704,105911.64,0.005
0.971,1.566,1463,1967.796,0.789,0.306,137915.887,105911.433,0.005
0.971,1.566,1463,1967.796,0.789,0.306,137916.072,105911.223,0.005
0.971,1.566,1463,1967.796,0.789,0.306,137916.259,105911.009,0.005
0.971,1.566,1463,1967.796,0.789,0.306,137916.45,105910.792,0.005
0.971,1.566,1463,1967.796,0.789,0.306,137916.643,105910.572,0.005
0.971,1.566,1463,1967.796,0.789,0.306,137916.839,105910.348,0.005
0.971,1.566,1463,1967.796,0.789,0.306,137917.038,105910.121,0.005
0.971,1.566,1463,1967.796,0.789,0.306,137917.239,105909.891,0.005
0.971,1.566,1463,1967.796,0.789,0.306,137917.442,105909.658,0.005
0.971,1.566,1463,1967.796,0.789,0.306,137917.649,105909.421,0.005
0.971,1.566,1463,1967.796,0.789,0.306,137917.858,105909.182,0.005
0.971,1.566,1463,1967.796,0.789,0.306,137918.069,105908.939,0.005
0.971,1.566,1463,1967.796,0.789,0.306,137918.283,105908.693,0.005
0.971,1.566,1463,1967.796,0.789,0.306,137918.499,105908.444,0.005
0.971,1.566,1463,1967.796,0.789,0.306,137918.718,105908.192,0.005
0.971,1.566,1463,1967.796,0.789,0.306,137918.94,105907.936,0.005
0.971,1.566,1463,1967.796,0.789,0.306,137919.164,105907.678,0.005
0.971,1.566,1463,1967.796,0.789,0.306,137919.39,105907.417,0.005
0.971,1.566,1463,1967.796,0.789,0.306,137919.618,105907.152,0.005
0.971,1.566,1463,1967.796,0.789,0.306,137919.85,105906.885,0.005
0.971,1.566,1463,1967.796,0.789,0.306,137920.083,105906.615,0.005
0.971,1.566,1463,1967.796,0.789,0.306,137920.319,105906.342,0.005
0.971,1.566,1463,1967.796,0.789,0.306,137920.557,105906.066,0.005
0.971,1.566,1463,1967.796,0.789,0.306,137920.797,105905.787,0.005
0.971,1.566,1463,1967.796,0.789,0.306,137921.04,105905.505,0.005
0.971,1.566,1463,1967.796,0.789,0.306,137921.285,105905.22,0.005
0.971,1.566,1463,1967.796,0.789,0.306,137921.532,105904.933,0.005
0.971,1.566,1463,1967.796,0.789,0.306,137921.782,105904.642,0.005
0.971,1.566,1463,1967.796,0.789,0.306,137922.033,105904.349,0.005
0.971,1.566,1463,1967.796,0.789,0.306,137922.287,105904.053,0.005
0.971,1.566,1463,1967.796,0.789,0.306,137922.544,105903.755,0.005
0.971,1.566,1463,1967.796,0.789,0.306,137922.802,105903.453,0.005
0.971,1.566,1463,1967.796,0.789,0.306,137923.063,105903.149,0.005
0.971,1.566,1463,1967.796,0.789,0.306,137923.325,105902.843,0.005
0.971,1.566,1463,1967.796,0.789,0.306,137923.59,105902.533,0.005
0.971,1.566,1463,1967.796,0.789,0.306,137923.857,105902.221,0.005
0.971,1.566,1463,1967.796,0.789,0.306,137924.126,105901.907,0.005
0.971,1.566,1463,1967.796,0.789,0.306,137924.398,105901.589,0.005
0.971,1.566,1463,1967.796,0.789,0.306,137924.671,105901.269,0.005
0.971,1.566,1463,1967.796,0.789,0.306,137924.946,105900.947,0.005
0.971,1.566,1463,1967.796,0.789,0.306,137925.224,105900.622,0.005
0.971,1.566,1463,1967.796,0.789,0.306,137925.503,105900.295,0.005
0.971,1.566,1463,1967.796,0.789,0.306,137925.785,105899.965,0.005
0.971,1.566,1463,1967.796,0.789,0.306,137926.069,105899.632,0.005
0.971,1.566,1463,1967.796,0.789,0.306,137926.354,105899.298,0.005
0.971,1.566,1463,1967.796,0.789,0.306,137926.642,105898.96,0.005
0.971,1.566,1463,1967.796,0.789,0.306,137926.932,105898.62,0.005
0.971,1.566,1463,1967.796,0.789,0.306,137927.223,105898.278,0.005
0.971,1.566,1463,1967.796,0.789,0.306,137927.517,105897.934,0.005
0.971,1.566,1463,1967.796,0.789,0.306,137927.812,105897.587,0.005
0.971,1.566,1463,1967.796,0.789,0.306,137928.11,105897.238,0.005
0.971,1.566,1463,1967.796,0.789,0.306,137928.409,105896.886,0.005
0.971,1.566,1463,1967.796,0.789,0.306,137928.71,105896.532,0.005
0.971,1.566,1463,1967.796,0.789,0.306,137929.014,105896.176,0.005
0.971,1.566,1463,1967.796,0.789,0.306,137929.319,105895.817,0.005
0.971,1.566,1463,1967.796,0.789,0.306,137929.626,105895.457,0.005
0.971,1.566,1463,1967.796,0.789,0.306,137929.934,105895.094,0.005
0.971,1.566,1463,1967.796,0.789,0.306,137930.245,105894.728,0.005
0.971,1.566,1463,1967.796,0.789,0.306,137930.558,105894.361,0.005
0.971,1.566,1463,1967.796,0.789,0.306,137930.872,105893.991,0.005
0.971,1.566,1463,1967.796,0.789,0.306,137931.188,105893.62,0.005
0.971,1.566,1463,1967.796,0.789,0.306,137931.506,105893.246,0.005
0.971,1.566,1463,1967.796,0.789,0.306,137931.826,105892.87,0.005
0.971,1.566,1463,1967.796,0.789,0.306,137932.147,105892.492,0.005
0.971,1.566,1463,1967.796,0.789,0.306,137932.471,105892.111,0.005
0.971,1.566,1463,1967.796,0.789,0.306,137932.796,105891.729,0.005
0.971,1.566,1463,1967.796,0.789,0.306,137933.123,105891.344,0.005
0.971,1.566,1463,1967.796,0.789,0.306,137933.451,105890.958,0.005
0.971,1.566,1463,1967.796,0.789,0.306,137933.782,105890.569,0.005
0.971,1.566,1463,1967.796,0.789,0.306,137934.114,105890.179,0.005
0.971,1.566,1463,1967.796,0.789,0.306,137934.447,105889.786,0.005
0.971,1.566,1463,1967.796,0.789,0.306,137934.783,105889.392,0.005
0.971,1.566,1463,1967.796,0.789,0.306,137935.12,105888.995,0.005
0.971,1.566,1463,1967.796,0.789,0.306,137935.459,105888.597,0.005
0.971,1.566,1463,1967.796,0.789,0.306,137935.799,105888.197,0.005
0.971,1.566,1463,1967.796,0.789,0.306,137936.141,105887.794,0.005
0.971,1.566,1463,1967.796,0.789,0.306,137936.485,105887.39,0.005
0.971,1.566,1463,1967.796,0.789,0.306,137936.83,105886.984,0.005
0.971,1.566,1463,1967.796,0.789,0.306,137937.177,105886.576,0.005
0.971,1.566,1463,1967.796,0.789,0.306,137937.525,105886.166,0.005
0.971,1.566,1463,1967.796,0.789,0.306,137937.875,105885.755,0.005
0.971,1.566,1463,1967.796,0.789,0.306,137938.227,105885.341,0.005
0.971,1.566,1463,1967.796,0.789,0.306,137938.58,105884.926,0.005
0.971,1.566,1463,1967.796,0.789,0.306,137938.935,105884.509,0.005
0.971,1.566,1463,1967.796,0.789,0.306,137939.291,105884.09,0.005
0.971,1.566,1463,1967.796,0.789,0.306,137939.649,105883.669,0.005
0.971,1.566,1463,1967.796,0.789,0.306,137940.009,105883.247,0.005
0.971,1.566,1463,1967.796,0.789,0.306,137940.369,105882.823,0.005
0.971,1.566,1463,1967.796,0.789,0.306,137940.732,105882.397,0.005
0.971,1.566,1463,1967.796,0.789,0.306,137941.096,105881.97,0.005
0.971,1.566,1463,1967.796,0.789,0.306,137941.461,105881.541,0.005
0.971,1.566,1463,1967.796,0.789,0.306,137941.828,105881.11,0.005
0.971,1.566,1463,1967.796,0.789,0.306,137942.196,105880.678,0.005
0.971,1.566,1463,1967.796,0.789,0.306,137942.566,105880.244,0.005
0.971,1.566,1463,1967.796,0.789,0.306,137942.937,105879.808,0.005
0.971,1.566,1463,1967.796,0.789,0.306,137943.309,105879.371,0.005
0.971,1.566,1463,1967.796,0.789,0.306,137943.683,105878.932,0.005
0.971,1.566,1463,1967.796,0.789,0.306,137944.058,105878.491,0.005
0.971,1.566,1463,1967.796,0.789,0.306,137944.435,105878.049,0.005
0.971,1.566,1463,1967.796,0.789,0.306,137944.813,105877.606,0.005
0.971,1.566,1463,1967.796,0.789,0.306,137945.192,105877.161,0.005
0.971,1.566,1463,1967.796,0.789,0.306,137945.573,105876.714,0.005
0.971,1.566,1463,1967.796,0.789,0.306,137945.955,105876.266,0.005
0.971,1.566,1463,1967.796,0.789,0.306,137946.338,105875.816,0.005
0.971,1.566,1463,1967.796,0.789,0.306,137946.723,105875.365,0.005
0.971,1.566,1463,1967.796,0.789,0.306,137947.109,105874.913,0.005
0.971,1.566,1463,1967.796,0.789,0.306,137947.496,105874.459,0.005
0.971,1.566,1463,1967.796,0.789,0.306,137947.885,105874.004,0.005
0.971,1.566,1463,1967.796,0.789,0.306,137948.274,105873.547,0.005
0.971,1.566,1463,1967.796,0.789,0.306,137948.665,105873.089,0.005
0.971,1.566,1463,1967.796,0.789,0.306,137949.058,105872.629,0.005
0.971,1.566,1463,1967.796,0.789,0.306,137949.451,105872.168,0.005
0.971,1.566,1463,1967.796,0.789,0.306,137949.846,105871.706,0.005
0.971,1.566,1463,1967.796,0.789,0.306,137950.242,105871.242,0.005
0.971,1.566,1463,1967.796,0.789,0.306,137950.639,105870.777,0.005
0.971,1.566,1463,1967.796,0.789,0.306,137951.037,105870.311,0.005
0.971,1.566,1463,1967.796,0.789,0.306,137951.436,105869.843,0.005
0.971,1.566,1463,1967.796,0.789,0.306,137951.837,105869.375,0.005
0.971,1.566,1463,1967.796,0.789,0.306,137952.238,105868.905,0.005
0.971,1.566,1463,1967.796,0.789,0.306,137952.641,105868.433,0.005
0.971,1.566,1463,1967.796,0.789,0.306,137953.045,105867.961,0.005
0.971,1.566,1463,1967.796,0.789,0.306,137953.45,105867.487,0.005
0.971,1.566,1463,1967.796,0.789,0.306,137953.856,105867.012,0.005
0.971,1.566,1463,1967.796,0.789,0.306,137954.264,105866.535,0.005
0.971,1.566,1463,1967.796,0.789,0.306,137954.672,105866.058,0.005
0.971,1.566,1463,1967.796,0.789,0.306,137955.081,105865.579,0.005
0.971,1.566,1463,1967.796,0.789,0.306,137955.492,105865.1,0.005
0.971,1.566,1463,1967.796,0.789,0.306,137955.903,105864.619,0.005
0.971,1.566,1463,1967.796,0.789,0.306,137956.315,105864.137,0.005
0.971,1.566,1463,1967.796,0.789,0.306,137956.729,105863.653,0.005
0.971,1.566,1463,1967.796,0.789,0.306,137957.143,105863.169,0.005
0.971,1.566,1463,1967.796,0.789,0.306,137957.559,105862.684,0.005
0.971,1.566,1463,1967.796,0.789,0.306,137957.975,105862.197,0.005
0.971,1.566,1463,1967.796,0.789,0.306,137958.393,105861.71,0.005
0.971,1.566,1463,1967.796,0.789,0.306,137958.811,105861.221,0.005
0.971,1.566,1463,1967.796,0.789,0.306,137959.23,105860.732,0.005
0.971,1.566,1463,1967.796,0.789,0.306,137959.65,105860.241,0.005
0.971,1.566,1463,1967.796,0.789,0.306,137960.072,105859.749,0.005
0.971,1.566,1463,1967.796,0.789,0.306,137960.494,105859.257,0.005
0.971,1.566,1463,1967.796,0.789,0.306,137960.916,105858.763,0.005
0.971,1.566,1463,1967.796,0.789,0.306,137961.34,105858.268,0.005
0.971,1.566,1463,1967.796,0.789,0.306,137961.765,105857.773,0.005
0.971,1.566,1463,1967.796,0.789,0.306,137962.19,105857.276,0.005
0.971,1.566,1463,1967.796,0.789,0.306,137962.617,105856.779,0.005
0.971,1.566,1463,1967.796,0.789,0.306,137963.044,105856.28,0.005
0.971,1.566,1463,1967.796,0.789,0.306,137963.472,105855.781,0.005
0.971,1.566,1463,1967.796,0.789,0.306,137963.901,105855.281,0.005
0.971,1.566,1463,1967.796,0.789,0.306,137964.331,105854.78,0.005
0.971,1.566,1463,1967.796,0.789,0.306,137964.761,105854.278,0.005
0.971,1.566,1463,1967.796,0.789,0.306,137965.193,105853.775,0.005
0.971,1.566,1463,1967.796,0.789,0.306,137965.625,105853.271,0.005
0.971,1.566,1463,1967.796,0.789,0.306,137966.057,105852.767,0.005
0.971,1.566,1463,1967.796,0.789,0.306,137966.491,105852.261,0.005
0.971,1.566,1463,1967.796,0.789,0.306,137966.925,105851.755,0.005
0.971,1.566,1463,1967.796,0.789,0.306,137967.36,105851.248,0.005
0.971,1.566,1463,1967.796,0.789,0.306,137967.796,105850.74,0.005
0.971,1.566,1463,1967.796,0.789,0.306,137968.232,105850.232,0.005
0.971,1.566,1463,1967.796,0.789,0.306,137968.67,105849.722,0.005
0.971,1.566,1463,1967.796,0.789,0.306,137969.107,105849.212,0.005
0.971,1.566,1463,1967.796,0.789,0.306,137969.546,105848.701,0.005
0.971,1.566,1463,1967.796,0.789,0.306,137969.985,105848.19,0.005
0.971,1.566,1463,1967.796,0.789,0.306,137970.425,105847.678,0.005
0.971,1.566,1463,1967.796,0.789,0.306,137970.865,105847.165,0.005
0.971,1.566,1463,1967.796,0.789,0.306,137971.306,105846.651,0.005
0.971,1.566,1463,1967.796,0.789,0.306,137971.748,105846.137,0.005
0.971,1.566,1463,1967.796,0.789,0.306,137972.19,105845.622,0.005
0.971,1.566,1463,1967.796,0.789,0.306,137972.633,105845.106,0.005
0.971,1.566,1463,1967.796,0.789,0.306,137973.077,105844.59,0.005
0.971,1.566,1463,1967.796,0.789,0.306,137973.521,105844.073,0.005
0.971,1.566,1463,1967.796,0.789,0.306,137973.966,105843.555,0.005
0.971,1.566,1463,1967.796,0.789,0.306,137974.411,105843.037,0.005
0.971,1.566,1463,1967.796,0.789,0.306,137974.857,105842.518,0.005
0.971,1.566,1463,1967.796,0.789,0.306,137975.303,105841.999,0.005
0.971,1.566,1463,1967.796,0.789,0.306,137975.75,105841.479,0.005
0.971,1.566,1463,1967.796,0.789,0.306,137976.197,105840.958,0.005
0.971,1.566,1463,1967.796,0.789,0.306,137976.645,105840.437,0.005
0.971,1.566,1463,1967.796,0.789,0.306,137977.093,105839.915,0.005
0.971,1.566,1463,1967.796,0.789,0.306,137977.542,105839.393,0.005
0.971,1.566,1463,1967.796,0.789,0.306,137977.991,105838.871,0.005
0.971,1.566,1463,1967.796,0.789,0.306,137978.441,105838.347,0.005
0.971,1.566,1463,1967.796,0.789,0.306,137978.892,105837.824,0.005
0.971,1.566,1463,1967.796,0.789,0.306,137979.342,105837.299,0.005
0.971,1.566,1463,1967.796,0.789,0.306,137979.793,105836.775,0.005
0.971,1.566,1463,1967.796,0.789,0.306,137980.245,105836.25,0.005
0.971,1.566,1463,1967.796,0.789,0.306,137980.697,105835.724,0.005
0.971,1.566,1463,1967.796,0.789,0.306,137981.149,105835.198,0.005
0.971,1.566,1463,1967.796,0.789,0.306,137981.602,105834.672,0.005
0.971,1.566,1463,1967.796,0.789,0.306,137982.055,105834.145,0.005
0.971,1.566,1463,1967.796,0.789,0.306,137982.509,105833.617,0.005
0.971,1.566,1463,1967.796,0.789,0.306,137982.963,105833.09,0.005
0.971,1.566,1463,1967.796,0.789,0.306,137983.417,105832.561,0.005
0.971,1.566,1463,1967.796,0.789,0.306,137983.872,105832.033,0.005
0.971,1.566,1463,1967.796,0.789,0.306,137984.327,105831.504,0.005
0.971,1.566,1463,1967.796,0.789,0.306,137984.782,105830.975,0.005
0.971,1.566,1463,1967.796,0.789,0.306,137985.238,105830.445,0.005
0.971,1.566,1463,1967.796,0.789,0.306,137985.694,105829.915,0.005
0.971,1.566,1463,1967.796,0.789,0.306,137986.15,105829.385,0.005
0.971,1.566,1463,1967.796,0.789,0.306,137986.607,105828.854,0.005
0.971,1.566,1463,1967.796,0.789,0.306,137987.063,105828.324,0.005
0.971,1.566,1463,1967.796,0.789,0.306,137987.521,105827.792,0.005
0.971,1.566,1463,1967.796,0.789,0.306,137987.978,105827.261,0.005
0.971,1.566,1463,1967.796,0.789,0.306,137988.436,105826.729,0.005
0.971,1.566,1463,1967.796,0.789,0.306,137988.894,105826.197,0.005
0.971,1.566,1463,1967.796,0.789,0.306,137989.352,105825.665,0.005
0.971,1.566,1463,1967.796,0.789,0.306,137989.81,105825.132,0.005
0.971,1.566,1463,1967.796,0.789,0.306,137990.269,105824.6,0.005
0.971,1.566,1463,1967.796,0.789,0.306,137990.728,105824.067,0.005
0.971,1.566,1463,1967.796,0.789,0.306,137991.187,105823.533,0.005
0.971,1.566,1463,1967.796,0.789,0.306,137991.646,105823,0.005
0.971,1.566,1463,1967.796,0.789,0.306,137992.105,105822.466,0.005
0.971,1.566,1463,1967.796,0.789,0.306,137992.565,105821.933,0.005
0.971,1.566,1463,1967.796,0.789,0.306,137993.025,105821.399,0.005
0.971,1.566,1463,1967.796,0.789,0.306,137993.485,105820.864,0.005
0.971,1.566,1463,1967.796,0.789,0.306,137993.945,105820.33,0.005
0.971,1.566,1463,1967.796,0.789,0.306,137994.405,105819.796,0.005
0.971,1.566,1463,1967.796,0.789,0.306,137994.866,105819.261,0.005
0.971,1.566,1463,1967.796,0.789,0.306,137995.499,105818.726,0.005
0.971,1.566,1463,1967.796,0.789,0.306,137998.893,105817.305,0.005
0.971,1.566,1463,1967.796,0.789,0.306,138003.145,105813.365,0.005
0.971,1.566,1463,1967.796,0.789,0.306,138011.078,105807.214,0.005
0.971,1.566,1463,1967.796,0.789,0.306,138021.139,105795.227,0.005
0.971,1.566,1463,1967.796,0.789,0.306,138032.029,105772.658,0.005
0.971,1.566,1463,1967.796,0.789,0.306,138045.499,105736.436,0.005
0.971,1.566,1463,1967.796,0.789,0.306,138062.446,105684.742,0.005
0.971,1.566,1463,1967.796,0.789,0.306,138083.123,105616.658,0.005
0.971,1.566,1463,1967.796,0.789,0.306,138109.38,105531.306,0.005
0.971,1.566,1463,1967.796,0.789,0.306,138142.744,105428.176,0.005
0.971,1.566,1463,1967.796,0.789,0.306,138184.222,105306.955,0.005
0.971,1.566,1463,1967.796,0.789,0.306,138234.319,105168.163,0.005
0.971,1.566,1463,1967.796,0.789,0.306,138293.455,105012.964,0.005
0.971,1.566,1463,1967.796,0.789,0.306,138346.997,104843.44,0.005
0.971,1.566,1463,1967.796,0.789,0.306,138314.159,104661.458,0.005
0.971,1.566,1463,1967.796,0.789,0.306,138151.319,104468.878,0.005
0.971,1.566,1463,1967.796,0.789,0.306,137862.183,104267.745,0.005
0.971,1.566,1463,1967.796,0.789,0.306,137475.252,104058.659,0.005
0.971,1.566,1463,1967.796,0.789,0.306,137032.142,103813.519,0.005
0.971,1.566,1463,1967.796,0.789,0.306,136576.246,103515.978,0.005
0.971,1.566,1463,1967.796,0.789,0.306,136146.018,103171.094,0.005
0.971,1.566,1463,1967.796,0.789,0.306,135774.441,102794.874,0.005
0.971,1.566,1463,1967.796,0.789,0.306,135479.755,102407.696,0.005
0.971,1.566,1463,1967.796,0.789,0.306,135264.795,102029.137,0.005
0.971,1.566,1463,1967.796,0.789,0.306,135121.412,101674.238,0.005
0.971,1.566,1463,1967.796,0.789,0.306,135034.754,101352.125,0.005
0.971,1.566,1463,1967.796,0.789,0.306,134987.312,101066.13,0.005
0.971,1.566,1463,1967.796,0.789,0.306,134966.014,100815.121,0.005
0.971,1.566,1463,1967.796,0.789,0.306,134971.243,100595.086,0.005
0.971,1.566,1463,1967.796,0.789,0.306,134997.795,100400.97,0.005
0.971,1.566,1463,1967.796,0.789,0.306,135040.497,100228.238,0.005
0.971,1.566,1463,1967.796,0.789,0.306,135096.286,100073.669,0.005
0.971,1.566,1463,1967.796,0.789,0.306,135164.689,99930.0691,0.005
0.971,1.566,1463,1967.796,0.789,0.306,135247.071,99777.1122,0.005
0.971,1.566,1463,1967.796,0.789,0.306,135345.646,99604.0492,0.005
0.971,1.566,1463,1967.796,0.789,0.306,135462.792,99419.2844,0.005
0.971,1.566,1463,1967.796,0.789,0.306,135600.044,99238.9187,0.005
0.971,1.566,1463,1967.796,0.789,0.306,135757.514,99081.019,0.005
0.971,1.566,1463,1967.796,0.789,0.306,135934.098,98961.2687,0.005
0.971,1.566,1463,1967.796,0.789,0.306,136127.836,98890.4452,0.005
0.971,1.566,1463,1967.796,0.789,0.306,136335.927,98872.9775,0.005
0.971,1.566,1463,1967.796,0.789,0.306,136553.746,98907.498,0.005
0.971,1.566,1463,1967.796,0.789,0.306,136778.668,98988.3274,0.005
0.971,1.566,1463,1967.796,0.789,0.306,137009.96,99107.561,0.005
0.971,1.566,1463,1967.796,0.789,0.306,137248.493,99257.0606,0.005
0.971,1.566,1463,1967.796,0.789,0.306,137496.21,99429.8157,0.005
0.971,1.566,1463,1967.796,0.789,0.306,137755.406,99620.8831,0.005
0.971,1.566,1463,1967.796,0.789,0.306,138027.954,99827.4369,0.005
0.971,1.566,1463,1967.796,0.789,0.306,138314.92,100048.635,0.005
0.971,1.566,1463,1967.796,0.789,0.306,138616.422,100284.701,0.005
0.971,1.566,1463,1967.796,0.789,0.306,138934.828,100536.164,0.005
0.971,1.566,1463,1967.796,0.789,0.306,139281.073,100795.709,0.005
0.971,1.566,1463,1967.796,0.789,0.306,139655.218,101043.837,0.005
0.971,1.566,1463,1967.796,0.789,0.306,140052.682,101272.363,0.005
0.971,1.566,1463,1967.796,0.789,0.306,140467.599,101479.508,0.005
0.971,1.566,1463,1967.796,0.789,0.306,140894.261,101667.669,0.005
0.971,1.566,1463,1967.796,0.789,0.306,141326.999,101839.849,0.005
0.971,1.566,1463,1967.796,0.789,0.306,141759.223,101992.976,0.005
0.971,1.566,1463,1967.796,0.789,0.306,142186.745,102129.293,0.005
0.971,1.566,1463,1967.796,0.789,0.306,142629.155,102252.391,0.005
0.971,1.566,1463,1967.796,0.789,0.306,143141.676,102366.129,0.005
0.971,1.566,1463,1967.796,0.789,0.306,143772.318,102473.381,0.005
0.971,1.566,1463,1967.796,0.789,0.306,144545.137,102575.698,0.005
0.971,1.566,1463,1967.796,0.789,0.306,145472.75,102673.427,0.005
0.971,1.566,1463,1967.796,0.789,0.306,146536.456,102766.197,0.005
0.971,1.566,1463,1967.796,0.789,0.306,147709.361,102853.498,0.005
0.971,1.566,1463,1967.796,0.789,0.306,148944.82,102931.06,0.005
0.971,1.566,1463,1967.796,0.789,0.306,150190.92,102968.947,0.005
0.971,1.566,1463,1967.796,0.789,0.306,151399.451,102957.704,0.005
0.971,1.566,1463,1967.796,0.789,0.306,152606.15,102903.911,0.005
0.971,1.566,1463,1967.796,0.789,0.306,153804.014,102820.482,0.005
0.971,1.566,1463,1967.796,0.789,0.306,155036.189,102721.561,0.005
0.971,1.566,1463,1967.796,0.789,0.306,156357.009,102620.946,0.005
0.971,1.566,1463,1967.796,0.789,0.306,157733.584,102528.35,0.005
0.971,1.566,1463,1967.796,0.789,0.306,159094.471,102449.144,0.005
0.971,1.566,1463,1967.796,0.789,0.306,160353.519,102384.858,0.005
0.971,1.566,1463,1967.796,0.789,0.306,161435.236,102334.609,0.005
0.971,1.566,1463,1967.796,0.789,0.306,162397.546,102296.913,0.005
0.971,1.566,1463,1967.796,0.789,0.306,163396.09,102273.637,0.005
0.971,1.566,1463,1967.796,0.789,0.306,164303.915,102263.383,0.005
0.971,1.566,1463,1967.796,0.789,0.306,164990.37,102251.626,0.005
0.971,1.566,1463,1967.796,0.789,0.306,165364.492,102211.075,0.005
0.971,1.566,1463,1967.796,0.789,0.306,165394.063,102139.234,0.005
0.971,1.566,1463,1967.796,0.789,0.306,165094.052,102040.773,0.005
0.971,1.566,1463,1967.796,0.789,0.306,164501.626,101922.56,0.005
0.971,1.566,1463,1967.796,0.789,0.306,163654.591,101790.953,0.005
0.971,1.566,1463,1967.796,0.789,0.306,162585.993,101650.6,0.005
0.971,1.566,1463,1967.796,0.789,0.306,161320.861,101504.268,0.005
0.971,1.566,1463,1967.796,0.789,0.306,159879.004,101352.968,0.005
0.971,1.566,1463,1967.796,0.789,0.306,158283.395,101196.962,0.005
0.971,1.566,1463,1967.796,0.789,0.306,156559.035,101036.262,0.005
0.971,1.566,1463,1967.796,0.789,0.306,154727.289,100870.871,0.005
0.971,1.566,1463,1967.796,0.789,0.306,152861.182,100701.137,0.005
0.971,1.566,1463,1967.796,0.789,0.306,151124.052,100529.217,0.005
0.971,1.566,1463,1967.796,0.789,0.306,149540.858,100357.17,0.005
0.971,1.566,1463,1967.796,0.789,0.306,148065.706,100185.689,0.005
0.971,1.566,1463,1967.796,0.789,0.306,146669.589,100015.158,0.005
0.971,1.566,1463,1967.796,0.789,0.306,145334.454,99846.2217,0.005
0.971,1.566,1463,1967.796,0.789,0.306,144051.178,99679.7424,0.005
0.971,1.566,1463,1967.796,0.789,0.306,142816.041,99516.8919,0.005
0.971,1.566,1463,1967.796,0.789,0.306,141627.488,99358.8857,0.005
0.971,1.566,1463,1967.796,0.789,0.306,140495.261,99206.9439,0.005
0.971,1.566,1463,1967.796,0.789,0.306,139470.828,99062.84,0.005
0.971,1.566,1463,1967.796,0.789,0.306,138560.192,98928.1525,0.005
0.971,1.566,1463,1967.796,0.789,0.306,137752.547,98803.9014,0.005
0.971,1.566,1463,1967.796,0.789,0.306,137034.11,98690.8326,0.005
0.971,1.566,1463,1967.796,0.789,0.306,136399.674,98589.4955,0.005
0.971,1.566,1463,1967.796,0.789,0.306,135871.952,98500.76,0.005
0.971,1.566,1463,1967.796,0.789,0.306,135445.495,98425.4477,0.005
0.971,1.566,1463,1967.796,0.789,0.306,135105.385,98363.9842,0.005
0.971,1.566,1463,1967.796,0.789,0.306,134836.062,98316.6168,0.005
0.971,1.566,1463,1967.796,0.789,0.306,134626.179,98283.5198,0.005
0.971,1.566,1463,1967.796,0.789,0.306,134473.792,98264.8161,0.005
0.971,1.566,1463,1967.796,0.789,0.306,134371.57,98260.5823,0.005
0.971,1.566,1463,1967.796,0.789,0.306,134310.187,98270.779,0.005
0.971,1.566,1463,1967.796,0.789,0.306,134280.04,98295.1735,0.005
0.971,1.566,1463,1967.796,0.789,0.306,134274.628,98333.4597,0.005
0.971,1.566,1463,1967.796,0.789,0.306,134290.994,98385.3148,0.005
0.971,1.566,1463,1967.796,0.789,0.306,134332.648,98450.3824,0.005
0.971,1.566,1463,1967.796,0.789,0.306,134390.889,98528.2138,0.005
0.971,1.566,1463,1967.796,0.789,0.306,134453.54,98618.1923,0.005
0.971,1.566,1463,1967.796,0.789,0.306,134517.216,98719.6505,0.005
0.971,1.566,1463,1967.796,0.789,0.306,134581.718,98831.9689,0.005
0.971,1.566,1463,1967.796,0.789,0.306,134648.358,98954.6782,0.005
0.971,1.566,1463,1967.796,0.789,0.306,134718.787,99087.4148,0.005
0.971,1.566,1463,1967.796,0.789,0.306,134794.307,99229.9472,0.005
0.971,1.566,1463,1967.796,0.789,0.306,134875.601,99382.1477,0.005
0.971,1.566,1463,1967.796,0.789,0.306,134963.005,99543.8556,0.005
0.971,1.566,1463,1967.796,0.789,0.306,135058.844,99714.8254,0.005
0.971,1.566,1463,1967.796,0.789,0.306,135163.136,99894.7316,0.005
0.971,1.566,1463,1967.796,0.789,0.306,135274.229,100083.092,0.005
0.971,1.566,1463,1967.796,0.789,0.306,135390.041,100279.248,0.005
0.971,1.566,1463,1967.796,0.789,0.306,135508.571,100482.456,0.005
0.971,1.566,1463,1967.796,0.789,0.306,135628.156,100691.904,0.005
0.971,1.566,1463,1967.796,0.789,0.306,135747.542,100906.684,0.005
0.971,1.566,1463,1967.796,0.789,0.306,135865.862,101125.831,0.005
0.971,1.566,1463,1967.796,0.789,0.306,135982.54,101348.353,0.005
0.971,1.566,1463,1967.796,0.789,0.306,136097.193,101571.92,0.005
0.971,1.566,1463,1967.796,0.789,0.306,136209.509,101783.133,0.005
0.971,1.566,1463,1967.796,0.789,0.306,136319.171,101975.156,0.005
0.971,1.566,1463,1967.796,0.789,0.306,136425.864,102147.654,0.005
0.971,1.566,1463,1967.796,0.789,0.306,136528.206,102303.114,0.005
0.971,1.566,1463,1967.796,0.789,0.306,136622.722,102445.127,0.005
0.971,1.566,1463,1967.796,0.789,0.306,136708.6,102577.252,0.005
0.971,1.566,1463,1967.796,0.789,0.306,136786.216,102702.399,0.005
0.971,1.566,1463,1967.796,0.789,0.306,136856.32,102822.549,0.005
0.971,1.566,1463,1967.796,0.789,0.306,136919.753,102938.782,0.005
0.971,1.566,1463,1967.796,0.789,0.306,136977.413,103051.465,0.005
0.971,1.566,1463,1967.796,0.789,0.306,137033.508,103160.49,0.005
0.971,1.566,1463,1967.796,0.789,0.306,137092.06,103265.483,0.005
0.971,1.566,1463,1967.796,0.789,0.306,137153.462,103365.95,0.005
0.971,1.566,1463,1967.796,0.789,0.306,137216.822,103461.407,0.005
0.971,1.566,1463,1967.796,0.789,0.306,137276.093,103551.47,0.005
0.971,1.566,1463,1967.796,0.789,0.306,137287.561,103635.736,0.005
0.971,1.566,1463,1967.796,0.789,0.306,137228.28,103713.558,0.005
0.971,1.566,1463,1967.796,0.789,0.306,137100.35,103784.484,0.005
0.971,1.566,1463,1967.796,0.789,0.306,136929.944,103848.179,0.005
0.971,1.566,1463,1967.796,0.789,0.306,136744.635,103888.454,0.005
0.971,1.566,1463,1967.796,0.789,0.306,136567.259,103889.073,0.005
0.971,1.566,1463,1967.796,0.789,0.306,136415.454,103849.93,0.005
0.971,1.566,1463,1967.796,0.789,0.306,136300.464,103778.87,0.005
0.971,1.566,1463,1967.796,0.789,0.306,136226.203,103687.771,0.005
0.971,1.566,1463,1967.796,0.789,0.306,136190.879,103589.041,0.005
0.971,1.566,1463,1967.796,0.789,0.306,136188.821,103493.107,0.005
0.971,1.566,1463,1967.796,0.789,0.306,136212.777,103407.022,0.005
0.971,1.566,1463,1967.796,0.789,0.306,136255.591,103334.123,0.005
0.971,1.566,1463,1967.796,0.789,0.306,136312.621,103274.522,0.005
0.971,1.566,1463,1967.796,0.789,0.306,136382.266,103225.997,0.005
0.971,1.566,1463,1967.796,0.789,0.306,136464.761,103185.068,0.005
0.971,1.566,1463,1967.796,0.789,0.306,136561.729,103147.87,0.005
0.971,1.566,1463,1967.796,0.789,0.306,136676.697,103110.927,0.005
0.971,1.566,1463,1967.796,0.789,0.306,136812.274,103071.737,0.005
0.971,1.566,1463,1967.796,0.789,0.306,136967.311,103028.94,0.005
0.971,1.566,1463,1967.796,0.789,0.306,137137.085,102982.123,0.005
0.971,1.566,1463,1967.796,0.789,0.306,137314.495,102931.51,0.005
0.971,1.566,1463,1967.796,0.789,0.306,137491.45,102877.636,0.005
0.971,1.566,1463,1967.796,0.789,0.306,137661.217,102821.044,0.005
0.971,1.566,1463,1967.796,0.789,0.306,137819.222,102762.046,0.005
0.971,1.566,1463,1967.796,0.789,0.306,137965.989,102700.775,0.005
0.971,1.566,1463,1967.796,0.789,0.306,138108.725,102629.78,0.005
0.971,1.566,1463,1967.796,0.789,0.306,138250.534,102540.085,0.005
0.971,1.566,1463,1967.796,0.789,0.306,138393.32,102430.404,0.005
0.971,1.566,1463,1967.796,0.789,0.306,138537.722,102304.175,0.005
0.971,1.566,1463,1967.796,0.789,0.306,138683.847,102167.831,0.005
0.971,1.566,1463,1967.796,0.789,0.306,138830.588,102028.603,0.005
0.971,1.566,1463,1967.796,0.789,0.306,138976.754,101892.853,0.005
0.971,1.566,1463,1967.796,0.789,0.306,139120.352,101764.835,0.005
0.971,1.566,1463,1967.796,0.789,0.306,139259.708,101646.182,0.005
0.971,1.566,1463,1967.796,0.789,0.306,139392.867,101535.925,0.005
0.971,1.566,1463,1967.796,0.789,0.306,139518.294,101431.206,0.005
0.971,1.566,1463,1967.796,0.789,0.306,139634.981,101328.117,0.005
0.971,1.566,1463,1967.796,0.789,0.306,139742.57,101222.664,0.005
0.971,1.566,1463,1967.796,0.789,0.306,139841.177,101111.452,0.005
0.971,1.566,1463,1967.796,0.789,0.306,139930.797,100992.217,0.005
0.971,1.566,1463,1967.796,0.789,0.306,140011.76,100863.857,0.005
0.971,1.566,1463,1967.796,0.789,0.306,140084.359,100726.216,0.005
0.971,1.566,1463,1967.796,0.789,0.306,140148.819,100579.659,0.005
0.971,1.566,1463,1967.796,0.789,0.306,140204.904,100424.546,0.005
0.971,1.566,1463,1967.796,0.789,0.306,140251.38,100260.855,0.005
0.971,1.566,1463,1967.796,0.789,0.306,140286.574,100087.966,0.005
0.971,1.566,1463,1967.796,0.789,0.306,140308.629,99904.7457,0.005
0.971,1.566,1463,1967.796,0.789,0.306,140315.766,99709.8362,0.005
0.971,1.566,1463,1967.796,0.789,0.306,140306.215,99502.0591,0.005
0.971,1.566,1463,1967.796,0.789,0.306,140278.316,99280.803,0.005
0.971,1.566,1463,1967.796,0.789,0.306,140230.741,99046.1975,0.005
0.971,1.566,1463,1967.796,0.789,0.306,140162.771,98799.1266,0.005
0.971,1.566,1463,1967.796,0.789,0.306,140074.337,98541.1396,0.005
0.971,1.566,1463,1967.796,0.789,0.306,139965.514,98269.6555,0.005
0.971,1.566,1463,1967.796,0.789,0.306,139836.223,97975.6215,0.005
0.971,1.566,1463,1967.796,0.789,0.306,139685.12,97661.315,0.005
0.971,1.566,1463,1967.796,0.789,0.306,139506.103,97331.4394,0.005
0.971,1.566,1463,1967.796,0.789,0.306,139295.364,96991.1832,0.005
0.971,1.566,1463,1967.796,0.789,0.306,139051.21,96645.9906,0.005
0.971,1.566,1463,1967.796,0.789,0.306,138773.982,96301.7739,0.005
0.971,1.566,1463,1967.796,0.789,0.306,138467.875,95965.0079,0.005
0.971,1.566,1463,1967.796,0.789,0.306,138138.693,95642.5557,0.005
0.971,1.566,1463,1967.796,0.789,0.306,137795.735,95341.8387,0.005
0.971,1.566,1463,1967.796,0.789,0.306,137447.87,95071.1625,0.005
0.971,1.566,1463,1967.796,0.789,0.306,137104.729,94839.3453,0.005
0.971,1.566,1463,1967.796,0.789,0.306,136775.986,94655.1238,0.005
0.971,1.566,1463,1967.796,0.789,0.306,136507.062,94526.2894,0.005
0.971,1.566,1463,1967.796,0.789,0.306,136343.97,94459.1379,0.005
0.971,1.566,1463,1967.796,0.789,0.306,136293.761,94459.5471,0.005
0.971,1.566,1463,1967.796,0.789,0.306,136338.165,94531.9733,0.005
0.971,1.566,1463,1967.796,0.789,0.306,136442.751,94676.8123,0.005
0.971,1.566,1463,1967.796,0.789,0.306,136569.15,94897.1165,0.005
0.971,1.566,1463,1967.796,0.789,0.306,136681.863,95197.3191,0.005
0.971,1.566,1463,1967.796,0.789,0.306,136755.471,95581.7245,0.005
0.971,1.566,1463,1967.796,0.789,0.306,136778.499,96053.3769,0.005
0.971,1.566,1463,1967.796,0.789,0.306,136753.128,96613.2471,0.005
0.971,1.566,1463,1967.796,0.789,0.306,136692.029,97259.4344,0.005
0.971,1.566,1463,1967.796,0.789,0.306,136613.697,97986.9692,0.005
0.971,1.566,1463,1967.796,0.789,0.306,136537.705,98788.4257,0.005
0.971,1.566,1463,1967.796,0.789,0.306,136481.402,99654.6388,0.005
0.971,1.566,1463,1967.796,0.789,0.306,136523.118,100605.405,0.005
0.971,1.566,1463,1967.796,0.789,0.306,136803.888,102426.652,0.005
0.971,1.566,1463,1967.796,0.789,0.306,137499.598,104187.362,0.005
0.971,1.566,1463,1967.796,0.789,0.306,138712.981,105873.623,0.005
0.971,1.566,1463,1967.796,0.789,0.306,140457.867,107475.772,0.005
0.971,1.566,1463,1967.796,0.789,0.306,142745.62,108988.691,0.005
0.971,1.566,1463,1967.796,0.789,0.306,145620.498,110410.616,0.005
0.971,1.566,1463,1967.796,0.789,0.306,149104.257,111741.305,0.005
0.971,1.566,1463,1967.796,0.789,0.306,153267.241,112981.201,0.005
0.971,1.566,1463,1967.796,0.789,0.306,158742.982,114129.669,0.005
0.971,1.566,1463,1967.796,0.789,0.306,165308.482,115180.489,0.005
0.971,1.566,1463,1967.796,0.789,0.306,173123.483,116124.045,0.005
0.971,1.566,1463,1967.796,0.789,0.306,179854.617,116944.431,0.005
0.971,1.566,1463,1967.796,0.789,0.306,184508.288,117620.072,0.005
0.971,1.566,1463,1967.796,0.789,0.306,187916.316,118062.635,0.005
0.971,1.566,1463,1967.796,0.789,0.306,190895.382,118226.339,0.005
0.971,1.566,1463,1967.796,0.789,0.306,193271.694,118106.439,0.005
0.971,1.566,1463,1967.796,0.789,0.306,194500.292,117729.555,0.005
0.971,1.566,1463,1967.796,0.789,0.306,194444.27,117072.433,0.005
0.971,1.566,1463,1967.796,0.789,0.306,193338.717,116128.459,0.005
0.971,1.566,1463,1967.796,0.789,0.306,191378.069,114944.903,0.005
0.971,1.566,1463,1967.796,0.789,0.306,188565.452,113584.712,0.005
0.971,1.566,1463,1967.796,0.789,0.306,184858.631,112099.162,0.005
0.971,1.566,1463,1967.796,0.789,0.306,180301.444,110469.97,0.005
0.971,1.566,1463,1967.796,0.789,0.306,175023.725,108733.843,0.005
0.971,1.566,1463,1967.796,0.789,0.306,169154.515,108163.868,0.005
0.971,1.566,1463,1967.796,0.789,0.306,163046.199,110279.194,0.005
0.971,1.566,1463,1967.796,0.789,0.306,157360.049,111754.31,0.005
0.971,1.566,1463,1967.796,0.789,0.306,152030.572,112530.811,0.005
0.971,1.566,1463,1967.796,0.789,0.306,146906.619,112644.235,0.005
0.971,1.566,1463,1967.796,0.789,0.306,141898.736,112127.907,0.005
0.971,1.566,1463,1967.796,0.789,0.306,137277.148,111117.315,0.005
0.971,1.566,1463,1967.796,0.789,0.306,133369.145,109783.431,0.005
0.971,1.566,1463,1967.796,0.789,0.306,130182.297,108286.215,0.005
0.971,1.566,1463,1967.796,0.789,0.306,127591.789,106753.647,0.005
0.971,1.566,1463,1967.796,0.789,0.306,125532.148,105275.547,0.005
0.971,1.566,1463,1967.796,0.789,0.306,123943.702,103906.074,0.005
0.971,1.566,1463,1967.796,0.789,0.306,122772.398,102669.929,0.005
0.971,1.566,1463,1967.796,0.789,0.306,121972.905,101570.979,0.005
0.971,1.566,1463,1967.796,0.789,0.306,121476.147,100595.908,0.005
0.971,1.566,1463,1967.796,0.789,0.306,121218.386,99696.4568,0.005
0.971,1.566,1463,1967.796,0.789,0.306,121151.295,98851.6464,0.005
0.971,1.566,1463,1967.796,0.789,0.306,121230.618,98058.714,0.005
0.971,1.566,1463,1967.796,0.789,0.306,121426.847,97320.8904,0.005
0.971,1.566,1463,1967.796,0.789,0.306,121721.536,96643.7168,0.005
0.971,1.566,1463,1967.796,0.789,0.306,122094.018,96032.4409,0.005
0.971,1.566,1463,1967.796,0.789,0.306,122541.974,95490.5225,0.005
0.971,1.566,1463,1967.796,0.789,0.306,123048.786,95019.2014,0.005
0.971,1.566,1463,1967.796,0.789,0.306,123623.004,94617.8863,0.005
0.971,1.566,1463,1967.796,0.789,0.306,124285.958,94285.0543,0.005
0.971,1.566,1463,1967.796,0.789,0.306,125020.571,94017.8016,0.005
0.971,1.566,1463,1967.796,0.789,0.306,125803.88,93812.1564,0.005
0.971,1.566,1463,1967.796,0.789,0.306,126613.464,93663.5891,0.005
0.971,1.566,1463,1967.796,0.789,0.306,127430.115,93567.3596,0.005
0.971,1.566,1463,1967.796,0.789,0.306,128238.64,93518.7304,0.005
0.971,1.566,1463,1967.796,0.789,0.306,129027.755,93513.0928,0.005
0.971,1.566,1463,1967.796,0.789,0.306,129789.587,93546.0334,0.005
0.971,1.566,1463,1967.796,0.789,0.306,130519.061,93613.3665,0.005
0.971,1.566,1463,1967.796,0.789,0.306,131205.446,93711.0873,0.005
0.971,1.566,1463,1967.796,0.789,0.306,131822.364,93835.0711,0.005
0.971,1.566,1463,1967.796,0.789,0.306,132367.61,93981.4625,0.005
0.971,1.566,1463,1967.796,0.789,0.306,132848.71,94146.8762,0.005
0.971,1.566,1463,1967.796,0.789,0.306,133276.974,94328.3129,0.005
0.971,1.566,1463,1967.796,0.789,0.306,133664.201,94523.0667,0.005
0.971,1.566,1463,1967.796,0.789,0.306,134020.85,94728.6649,0.005
0.971,1.566,1463,1967.796,0.789,0.306,134354.105,94942.8233,0.005
0.971,1.566,1463,1967.796,0.789,0.306,134665.649,95163.3758,0.005
0.971,1.566,1463,1967.796,0.789,0.306,134958.999,95388.3724,0.005
0.971,1.566,1463,1967.796,0.789,0.306,135237.686,95616.1282,0.005
0.971,1.566,1463,1967.796,0.789,0.306,135504.639,95845.2004,0.005
0.971,1.566,1463,1967.796,0.789,0.306,135761.73,96074.3576,0.005
0.971,1.566,1463,1967.796,0.789,0.306,136010.023,96302.5484,0.005
0.971,1.566,1463,1967.796,0.789,0.306,136250.393,96528.8779,0.005
0.971,1.566,1463,1967.796,0.789,0.306,136483.433,96752.5912,0.005
0.971,1.566,1463,1967.796,0.789,0.306,136709.509,96973.0552,0.005
0.971,1.566,1463,1967.796,0.789,0.306,136928.82,97189.7427,0.005
0.971,1.566,1463,1967.796,0.789,0.306,137141.448,97402.2168,0.005
0.971,1.566,1463,1967.796,0.789,0.306,137347.411,97610.1176,0.005
0.971,1.566,1463,1967.796,0.789,0.306,137546.703,97813.1507,0.005
0.971,1.566,1463,1967.796,0.789,0.306,137739.32,98011.077,0.005
0.971,1.566,1463,1967.796,0.789,0.306,137924.573,98203.7341,0.005
0.971,1.566,1463,1967.796,0.789,0.306,138104.163,98386.204,0.005
0.971,1.566,1463,1967.796,0.789,0.306,138263.776,98552.7491,0.005
0.971,1.566,1463,1967.796,0.789,0.306,138398.05,98704.5495,0.005
0.971,1.566,1463,1967.796,0.789,0.306,138507.966,98845.198,0.005
0.971,1.566,1463,1967.796,0.789,0.306,138598.574,98979.0744,0.005
0.971,1.566,1463,1967.796,0.789,0.306,138677.111,99110.2569,0.005
0.971,1.566,1463,1967.796,0.789,0.306,138751.147,99241.9321,0.005
0.971,1.566,1463,1967.796,0.789,0.306,138827.069,99376.196,0.005
0.971,1.566,1463,1967.796,0.789,0.306,138909.128,99514.1183,0.005
0.971,1.566,1463,1967.796,0.789,0.306,138999.083,99655.9498,0.005
0.971,1.566,1463,1967.796,0.789,0.306,139096.367,99801.3803,0.005
0.971,1.566,1463,1967.796,0.789,0.306,139207.402,99949.8736,0.005
0.971,1.566,1463,1967.796,0.789,0.306,139340.862,100100.993,0.005
0.971,1.566,1463,1967.796,0.789,0.306,139496.222,100254.265,0.005
0.971,1.566,1463,1967.796,0.789,0.306,139667.905,100409.18,0.005
0.971,1.566,1463,1967.796,0.789,0.306,139847.425,100565.245,0.005
0.971,1.566,1463,1967.796,0.789,0.306,140025.595,100722.032,0.005
0.971,1.566,1463,1967.796,0.789,0.306,140194.977,100879.202,0.005
0.971,1.566,1463,1967.796,0.789,0.306,140358.24,101036.619,0.005
0.971,1.566,1463,1967.796,0.789,0.306,140518.421,101194.335,0.005
0.971,1.566,1463,1967.796,0.789,0.306,140675.985,101352.382,0.005
0.971,1.566,1463,1967.796,0.789,0.306,140826.175,101510.7,0.005
0.971,1.566,1463,1967.796,0.789,0.306,140960.428,101669.036,0.005
0.971,1.566,1463,1967.796,0.789,0.306,141075.969,101827.141,0.005
0.971,1.566,1463,1967.796,0.789,0.306,141172.469,101984.833,0.005
0.971,1.566,1463,1967.796,0.789,0.306,141253.353,102141.993,0.005
0.971,1.566,1463,1967.796,0.789,0.306,141326.654,102298.636,0.005
0.971,1.566,1463,1967.796,0.789,0.306,141394.834,102454.759,0.005
0.971,1.566,1463,1967.796,0.789,0.306,141457.873,102606.955,0.005
0.971,1.566,1463,1967.796,0.789,0.306,141514.464,102751.638,0.005
0.971,1.566,1463,1967.796,0.789,0.306,141562.844,102889.09,0.005
0.971,1.566,1463,1967.796,0.789,0.306,141601.339,103020.959,0.005
0.971,1.566,1463,1967.796,0.789,0.306,141628.643,103149.382,0.005
0.971,1.566,1463,1967.796,0.789,0.306,141643.918,103276.401,0.005
0.971,1.566,1463,1967.796,0.789,0.306,141646.776,103403.638,0.005
0.971,1.566,1463,1967.796,0.789,0.306,141640.356,103532.21,0.005
0.971,1.566,1463,1967.796,0.789,0.306,141627.723,103662.75,0.005
0.971,1.566,1463,1967.796,0.789,0.306,141608.747,103795.439,0.005
0.971,1.566,1463,1967.796,0.789,0.306,141582.26,103930.124,0.005
0.971,1.566,1463,1967.796,0.789,0.306,141546.802,104066.444,0.005
0.971,1.566,1463,1967.796,0.789,0.306,141501.09,104203.944,0.005
0.971,1.566,1463,1967.796,0.789,0.306,141444.246,104342.154,0.005
0.971,1.566,1463,1967.796,0.789,0.306,141375.862,104480.633,0.005
0.971,1.566,1463,1967.796,0.789,0.306,141295.949,104618.993,0.005
0.971,1.566,1463,1967.796,0.789,0.306,141204.856,104756.903,0.005
0.971,1.566,1463,1967.796,0.789,0.306,141103.143,104894.077,0.005
0.971,1.566,1463,1967.796,0.789,0.306,140991.497,105030.267,0.005
0.971,1.566,1463,1967.796,0.789,0.306,140870.651,105165.248,0.005
0.971,1.566,1463,1967.796,0.789,0.306,140741.34,105298.812,0.005
0.971,1.566,1463,1967.796,0.789,0.306,140604.273,105430.758,0.005
0.971,1.566,1463,1967.796,0.789,0.306,140460.123,105560.889,0.005
0.971,1.566,1463,1967.796,0.789,0.306,140291.048,105689.002,0.005
0.971,1.566,1463,1967.796,0.789,0.306,140111.917,105815.592,0.005
0.971,1.566,1463,1967.796,0.789,0.306,139930.436,105942.285,0.005
0.971,1.566,1463,1967.796,0.789,0.306,139742.504,106071.047,0.005
0.971,1.566,1463,1967.796,0.789,0.306,139546.98,106203.625,0.005
0.971,1.566,1463,1967.796,0.789,0.306,139346.763,106342.235,0.005
0.971,1.566,1463,1967.796,0.789,0.306,139154.49,106489.601,0.005
0.971,1.566,1463,1967.796,0.789,0.306,138955.316,106648.837,0.005
0.971,1.566,1463,1967.796,0.789,0.306,138779.305,106823.362,0.005
0.971,1.566,1463,1967.796,0.789,0.306,138659.386,107016.668,0.005
0.971,1.566,1463,1967.796,0.789,0.306,138623.335,107232.872,0.005
0.971,1.566,1463,1967.796,0.789,0.306,138632.188,107477.474,0.005
0.971,1.566,1463,1967.796,0.789,0.306,138810.01,107758.726,0.005
0.971,1.566,1463,1967.796,0.789,0.306,139563.139,108087.894,0.005
0.971,1.566,1463,1967.796,0.789,0.306,141838.245,108478.958,0.005
0.971,1.566,1463,1967.796,0.789,0.306,145538.44,108883.321,0.005
0.971,1.566,1463,1967.796,0.789,0.306,149747.156,109088.359,0.005
0.971,1.566,1463,1967.796,0.789,0.306,153299.833,108859.423,0.005
0.971,1.566,1463,1967.796,0.789,0.306,154097.167,108013.37,0.005
0.971,1.566,1463,1967.796,0.789,0.306,152969.873,106523.681,0.005
0.971,1.566,1463,1967.796,0.789,0.306,151367.373,104415.057,0.005
0.971,1.566,1463,1967.796,0.789,0.306,149596.4,101665.347,0.005
0.971,1.566,1463,1967.796,0.789,0.306,147880.627,98287.3715,0.005
0.971,1.566,1463,1967.796,0.789,0.306,146345.218,94390.3997,0.005
0.971,1.566,1463,1967.796,0.789,0.306,145041.362,90199.3931,0.005
0.971,1.566,1463,1967.796,0.789,0.306,144187.191,85960.9256,0.005
0.971,1.566,1463,1967.796,0.789,0.306,143895.854,81889.1314,0.005
0.971,1.566,1463,1967.796,0.789,0.306,144121.938,78245.9721,0.005
0.971,1.566,1463,1967.796,0.789,0.306,144715.147,75570.7351,0.005
0.971,1.566,1463,1967.796,0.789,0.306,145476.893,74051.5798,0.005
0.971,1.566,1463,1967.796,0.789,0.306,146210.661,73582.066,0.005
0.971,1.566,1463,1967.796,0.789,0.306,146762.98,73872.5632,0.005
0.971,1.566,1463,1967.796,0.789,0.306,147047.375,74554.8122,0.005
0.971,1.566,1463,1967.796,0.789,0.306,147044.626,75277.4769,0.005
0.971,1.566,1463,1967.796,0.789,0.306,146794.863,75775.5215,0.005
0.971,1.566,1463,1967.796,0.789,0.306,146378.128,75904.7329,0.005
0.971,1.566,1463,1967.796,0.789,0.306,145890.783,75643.9544,0.005
0.971,1.566,1463,1967.796,0.789,0.306,145423.584,75071.0115,0.005
0.971,1.566,1463,1967.796,0.789,0.306,145043.929,74323.7908,0.005
0.971,1.566,1463,1967.796,0.789,0.306,144788.112,73557.7569,0.005
0.971,1.566,1463,1967.796,0.789,0.306,144662.266,72909.4379,0.005
0.971,1.566,1463,1967.796,0.789,0.306,144647.713,72472.048,0.005
0.971,1.566,1463,1967.796,0.789,0.306,144710.411,72285.5999,0.005
0.971,1.566,1463,1967.796,0.789,0.306,144205.222,72340.2523,0.005
0.971,1.566,1463,1967.796,0.789,0.306,143321.113,72590.2931,0.005
0.971,1.566,1463,1967.796,0.789,0.306,141854.807,72976.1964,0.005
0.971,1.566,1463,1967.796,0.789,0.306,141273.525,73453.0572,0.005
0.971,1.566,1463,1967.796,0.789,0.306,140195.747,74025.4435,0.005
0.971,1.566,1463,1967.796,0.789,0.306,139900.015,75138.5663,0.005
0.971,1.566,1463,1967.796,0.789,0.306,139346.388,77163.162,0.005
0.971,1.566,1463,1967.796,0.789,0.306,139952.342,80145.6128,0.005
0.971,1.566,1463,1967.796,0.789,0.306,140779.873,84046.4201,0.005
0.971,1.566,1463,1967.796,0.789,0.306,142880.802,88712.403,0.005
0.971,1.566,1463,1967.796,0.789,0.306,145264.093,93675.8677,0.005
0.971,1.566,1463,1967.796,0.789,0.306,148719.77,98575.1942,0.005
0.971,1.566,1463,1967.796,0.789,0.306,151997.366,103028.227,0.005
0.971,1.566,1463,1967.796,0.789,0.306,154885.493,106567.402,0.005
0.971,1.566,1463,1967.796,0.789,0.306,155923.931,108605.608,0.005
0.971,1.566,1463,1967.796,0.789,0.306,155341.788,108613.755,0.005
0.971,1.566,1463,1967.796,0.789,0.306,152853.925,106547.432,0.005
0.971,1.566,1463,1967.796,0.789,0.306,149258.224,102781.14,0.005
0.971,1.566,1463,1967.796,0.789,0.306,144882.263,97976.1923,0.005
0.971,1.566,1463,1967.796,0.789,0.306,141087.539,92857.1762,0.005
0.971,1.566,1463,1967.796,0.789,0.306,138139.216,88192.6641,0.005
0.971,1.566,1463,1967.796,0.789,0.306,136553.179,84555.6142,0.005
0.971,1.566,1463,1967.796,0.789,0.306,135978.793,82258.9515,0.005
0.971,1.566,1463,1967.796,0.789,0.306,136314.166,81364.9054,0.005
0.971,1.566,1463,1967.796,0.789,0.306,137004.507,82001.5511,0.005
0.971,1.566,1463,1967.796,0.789,0.306,137795.93,83971.3842,0.005
0.971,1.566,1463,1967.796,0.789,0.306,138301.035,86793.8513,0.005
0.971,1.566,1463,1967.796,0.789,0.306,138421.477,89916.7358,0.005
0.971,1.566,1463,1967.796,0.789,0.306,138072.177,92862.6682,0.005
0.971,1.566,1463,1967.796,0.789,0.306,137334.354,95324.3993,0.005
0.971,1.566,1463,1967.796,0.789,0.306,136338.833,97197.5406,0.005
0.971,1.566,1463,1967.796,0.789,0.306,135257.482,99511.8801,0.005
0.971,1.566,1463,1967.796,0.789,0.306,134246.257,102810.096,0.005
0.971,1.566,1463,1967.796,0.789,0.306,133434.266,106204.535,0.005
0.971,1.566,1463,1967.796,0.789,0.306,133060.858,109775.915,0.005
0.971,1.566,1463,1967.796,0.789,0.306,133414.674,113526.945,0.005
0.971,1.566,1463,1967.796,0.789,0.306,134717.967,117392.755,0.005
0.971,1.566,1463,1967.796,0.789,0.306,137271.316,121266.145,0.005
0.971,1.566,1463,1967.796,0.789,0.306,141612.527,125025.768,0.005
0.971,1.566,1463,1967.796,0.789,0.306,150081.755,128606.053,0.005
0.971,1.566,1463,1967.796,0.789,0.306,165950.456,132277.815,0.005
0.971,1.566,1463,1967.796,0.789,0.306,180077.669,136416.926,0.005
0.971,1.566,1463,1967.796,0.789,0.306,188107.32,141447.238,0.005
0.971,1.566,1463,1967.796,0.789,0.306,192728.491,148064.013,0.005
0.971,1.566,1463,1967.796,0.789,0.306,197562.695,157225.606,0.005
0.971,1.566,1463,1967.796,0.789,0.306,203048.228,169691.774,0.005
0.971,1.566,1463,1967.796,0.789,0.306,206294.25,182461.497,0.005
0.971,1.566,1463,1967.796,0.789,0.306,206337.512,189401.523,0.005
0.971,1.566,1463,1967.796,0.789,0.306,204261.869,191420.383,0.005
0.971,1.566,1463,1967.796,0.789,0.306,200995.161,191559.344,0.005
0.971,1.566,1463,1967.796,0.789,0.306,196486.578,190367.296,0.005
0.971,1.566,1463,1967.796,0.789,0.306,190591.443,186324.1,0.005
0.971,1.566,1463,1967.796,0.789,0.306,183390.533,179157.173,0.005
0.971,1.566,1463,1967.796,0.789,0.306,175211.804,169793.199,0.005
0.971,1.566,1463,1967.796,0.789,0.306,166219.616,159613.503,0.005
0.971,1.566,1463,1967.796,0.789,0.306,156538.62,149280.049,0.005
0.971,1.566,1463,1967.796,0.789,0.306,147261.314,138752.623,0.005
0.971,1.566,1463,1967.796,0.789,0.306,138713.458,127937.256,0.005
0.971,1.566,1463,1967.796,0.789,0.306,130733.553,117630.861,0.005
0.971,1.566,1463,1967.796,0.789,0.306,123565.381,108039.51,0.005
0.971,1.566,1463,1967.796,0.789,0.306,117564.416,99251.8283,0.005
0.971,1.566,1463,1967.796,0.789,0.306,113025.971,91418.9067,0.005
0.971,1.566,1463,1967.796,0.789,0.306,110061.993,84628.9337,0.005
0.971,1.566,1463,1967.796,0.789,0.306,108440.228,78964.9443,0.005
0.971,1.566,1463,1967.796,0.789,0.306,107790.622,74705.3222,0.005
0.971,1.566,1463,1967.796,0.789,0.306,107757.716,71801.3297,0.005
0.971,1.566,1463,1967.796,0.789,0.306,108078.526,70083.3602,0.005
0.971,1.566,1463,1967.796,0.789,0.306,108612.138,69286.0218,0.005
0.971,1.566,1463,1967.796,0.789,0.306,109209.506,69015.3187,0.005
0.971,1.566,1463,1967.796,0.789,0.306,109731.341,69586.0884,0.005
0.971,1.566,1463,1967.796,0.789,0.306,110078.482,77610.0781,0.005
0.971,1.566,1463,1967.796,0.789,0.306,110204.329,83833.3256,0.005
0.971,1.566,1463,1967.796,0.789,0.306,110115.28,87988.772,0.005
0.971,1.566,1463,1967.796,0.789,0.306,109858.818,90049.604,0.005
0.971,1.566,1463,1967.796,0.789,0.306,109506.653,90424.2157,0.005
0.971,1.566,1463,1967.796,0.789,0.306,109139.88,89772.2593,0.005
0.971,1.566,1463,1967.796,0.789,0.306,108834.161,88612.1117,0.005
0.971,1.566,1463,1967.796,0.789,0.306,108645.802,87335.0345,0.005
0.971,1.566,1463,1967.796,0.789,0.306,108603.905,86295.9704,0.005
0.971,1.566,1463,1967.796,0.789,0.306,108708.627,85772.1989,0.005
0.971,1.566,1463,1967.796,0.789,0.306,108935.307,85901.7118,0.005
0.971,1.566,1463,1967.796,0.789,0.306,109242.683,86615.7184,0.005
0.971,1.566,1463,1967.796,0.789,0.306,109616.655,87738.7946,0.005
0.971,1.566,1463,1967.796,0.789,0.306,110150.867,89074.2295,0.005
0.971,1.566,1463,1967.796,0.789,0.306,110838.891,90438.9548,0.005
0.971,1.566,1463,1967.796,0.789,0.306,111636.636,91693.476,0.005
0.971,1.566,1463,1967.796,0.789,0.306,112492.518,92754.2776,0.005
0.971,1.566,1463,1967.796,0.789,0.306,113361.092,93592.4479,0.005
0.971,1.566,1463,1967.796,0.789,0.306,114208.938,94222.7888,0.005
0.971,1.566,1463,1967.796,0.789,0.306,115015.65,94688.0145,0.005
0.971,1.566,1463,1967.796,0.789,0.306,115772.198,95036.1069,0.005
0.971,1.566,1463,1967.796,0.789,0.306,116478.098,95288.1202,0.005
0.971,1.566,1463,1967.796,0.789,0.306,117138.611,95471.2402,0.005
0.971,1.566,1463,1967.796,0.789,0.306,117762.492,95611.1003,0.005
0.971,1.566,1463,1967.796,0.789,0.306,118360.16,95736.7245,0.005
0.971,1.566,1463,1967.796,0.789,0.306,118942.793,95869.7472,0.005
0.971,1.566,1463,1967.796,0.789,0.306,119521.964,96022.4302,0.005
0.971,1.566,1463,1967.796,0.789,0.306,120105.662,96198.7043,0.005
0.971,1.566,1463,1967.796,0.789,0.306,120701.122,96396.7071,0.005
0.971,1.566,1463,1967.796,0.789,0.306,121317.314,96612.2641,0.005
0.971,1.566,1463,1967.796,0.789,0.306,121960.407,96841.9364,0.005
0.971,1.566,1463,1967.796,0.789,0.306,122635.01,97084.7723,0.005
0.971,1.566,1463,1967.796,0.789,0.306,123344.175,97342.7194,0.005
0.971,1.566,1463,1967.796,0.789,0.306,124088.186,97620.0778,0.005
0.971,1.566,1463,1967.796,0.789,0.306,124864.946,97922.2879,0.005
0.971,1.566,1463,1967.796,0.789,0.306,125669.737,98254.5288,0.005
0.971,1.566,1463,1967.796,0.789,0.306,126496.677,98620.5894,0.005
0.971,1.566,1463,1967.796,0.789,0.306,127339.19,99022.1729,0.005
0.971,1.566,1463,1967.796,0.789,0.306,128191.788,99458.773,0.005
0.971,1.566,1463,1967.796,0.789,0.306,129050.69,99927.9104,0.005
0.971,1.566,1463,1967.796,0.789,0.306,129914.147,100425.749,0.005
0.971,1.566,1463,1967.796,0.789,0.306,130782.442,100947.943,0.005
0.971,1.566,1463,1967.796,0.789,0.306,131656.811,101490.33,0.005
0.971,1.566,1463,1967.796,0.789,0.306,132538.659,102049.365,0.005
0.971,1.566,1463,1967.796,0.789,0.306,133429.406,102622.336,0.005
0.971,1.566,1463,1967.796,0.789,0.306,134330.382,103207.339,0.005
0.971,1.566,1463,1967.796,0.789,0.306,135241.528,103803.033,0.005
0.971,1.566,1463,1967.796,0.789,0.306,136161.036,104408.244,0.005
0.971,1.566,1463,1967.796,0.789,0.306,137086.526,105021.571,0.005
0.971,1.566,1463,1967.796,0.789,0.306,138015.787,105641.142,0.005
0.971,1.566,1463,1967.796,0.789,0.306,138946.608,106264.508,0.005
0.971,1.566,1463,1967.796,0.789,0.306,139876.086,106888.67,0.005
0.971,1.566,1463,1967.796,0.789,0.306,140798.916,107510.214,0.005
0.971,1.566,1463,1967.796,0.789,0.306,141693.643,108125.668,0.005
0.971,1.566,1463,1967.796,0.789,0.306,142549.734,108731.736,0.005
0.971,1.566,1463,1967.796,0.789,0.306,143367.235,109325.181,0.005
0.971,1.566,1463,1967.796,0.789,0.306,144150.582,109902.973,0.005
0.971,1.566,1463,1967.796,0.789,0.306,144905.63,110462.409,0.005
0.971,1.566,1463,1967.796,0.789,0.306,145637.918,111001.142,0.005
0.971,1.566,1463,1967.796,0.789,0.306,146351.736,111516.155,0.005
0.971,1.566,1463,1967.796,0.789,0.306,147046.924,111969.075,0.005
0.971,1.566,1463,1967.796,0.789,0.306,147718.809,112325.227,0.005
0.971,1.566,1463,1967.796,0.789,0.306,148365.007,112580.785,0.005
0.971,1.566,1463,1967.796,0.789,0.306,148976.239,112748.293,0.005
0.971,1.566,1463,1967.796,0.789,0.306,149547.45,112849.001,0.005
0.971,1.566,1463,1967.796,0.789,0.306,150078.349,112905.974,0.005
0.971,1.566,1463,1967.796,0.789,0.306,150571.619,112938.871,0.005
0.971,1.566,1463,1967.796,0.789,0.306,151031.493,112957.588,0.005
0.971,1.566,1463,1967.796,0.789,0.306,151449.106,112916.581,0.005
0.971,1.566,1463,1967.796,0.789,0.306,151790.283,112790.459,0.005
0.971,1.566,1463,1967.796,0.789,0.306,152046.003,112584.224,0.005
0.971,1.566,1463,1967.796,0.789,0.306,152222.884,112314.603,0.005
0.971,1.566,1463,1967.796,0.789,0.306,152338.193,112002.339,0.005
0.971,1.566,1463,1967.796,0.789,0.306,152418.976,111667.033,0.005
0.971,1.566,1463,1967.796,0.789,0.306,152496.169,111324.435,0.005
0.971,1.566,1463,1967.796,0.789,0.306,152589.464,110984.017,0.005
0.971,1.566,1463,1967.796,0.789,0.306,152707.634,110614.82,0.005
0.971,1.566,1463,1967.796,0.789,0.306,152849.138,110200.782,0.005
0.971,1.566,1463,1967.796,0.789,0.306,153004.693,109751.755,0.005
0.971,1.566,1463,1967.796,0.789,0.306,153136.671,109282.983,0.005
0.971,1.566,1463,1967.796,0.789,0.306,153160.432,108794.682,0.005
0.971,1.566,1463,1967.796,0.789,0.306,153055.629,108287.092,0.005
0.971,1.566,1463,1967.796,0.789,0.306,152831.356,107771.965,0.005
0.971,1.566,1463,1967.796,0.789,0.306,152511.811,107263.262,0.005
0.971,1.566,1463,1967.796,0.789,0.306,152126.808,106773.974,0.005
0.971,1.566,1463,1967.796,0.789,0.306,151703.346,106314.412,0.005
0.971,1.566,1463,1967.796,0.789,0.306,151258.329,105891.482,0.005
0.971,1.566,1463,1967.796,0.789,0.306,150809.053,105508.726,0.005
0.971,1.566,1463,1967.796,0.789,0.306,150369.406,105166.879,0.005
0.971,1.566,1463,1967.796,0.789,0.306,149948.783,104864.627,0.005
0.971,1.566,1463,1967.796,0.789,0.306,149552.113,104599.328,0.005
0.971,1.566,1463,1967.796,0.789,0.306,149174.143,104367.75,0.005
0.971,1.566,1463,1967.796,0.789,0.306,148791.242,104166.564,0.005
0.971,1.566,1463,1967.796,0.789,0.306,148400.53,103992.664,0.005
0.971,1.566,1463,1967.796,0.789,0.306,148005.14,103843.338,0.005
0.971,1.566,1463,1967.796,0.789,0.306,147609.739,103716.31,0.005
0.971,1.566,1463,1967.796,0.789,0.306,147219.05,103609.627,0.005
0.971,1.566,1463,1967.796,0.789,0.306,146837.273,103521.561,0.005
0.971,1.566,1463,1967.796,0.789,0.306,146467.928,103450.574,0.005
0.971,1.566,1463,1967.796,0.789,0.306,146113.839,103395.25,0.005
0.971,1.566,1463,1967.796,0.789,0.306,145777.143,103354.256,0.005
0.971,1.566,1463,1967.796,0.789,0.306,145459.249,103326.301,0.005
0.971,1.566,1463,1967.796,0.789,0.306,145160.801,103310.133,0.005
0.971,1.566,1463,1967.796,0.789,0.306,144881.692,103304.519,0.005
0.971,1.566,1463,1967.796,0.789,0.306,144621.125,103308.26,0.005
0.971,1.566,1463,1967.796,0.789,0.306,144377.765,103320.23,0.005
0.971,1.566,1463,1967.796,0.789,0.306,144149.941,103339.387,0.005
0.971,1.566,1463,1967.796,0.789,0.306,143935.867,103364.78,0.005
0.971,1.566,1463,1967.796,0.789,0.306,143733.802,103395.505,0.005
0.971,1.566,1463,1967.796,0.789,0.306,143542.181,103430.726,0.005
0.971,1.566,1463,1967.796,0.789,0.306,143359.686,103469.665,0.005
0.971,1.566,1463,1967.796,0.789,0.306,143171.47,103511.532,0.005
0.971,1.566,1463,1967.796,0.789,0.306,142962.902,103555.312,0.005
0.971,1.566,1463,1967.796,0.789,0.306,142733.641,103600.114,0.005
0.971,1.566,1463,1967.796,0.789,0.306,142488.754,103645.256,0.005
0.971,1.566,1463,1967.796,0.789,0.306,142235.503,103690.188,0.005
0.971,1.566,1463,1967.796,0.789,0.306,141981.188,103734.432,0.005
0.971,1.566,1463,1967.796,0.789,0.306,141731.913,103777.547,0.005
0.971,1.566,1463,1967.796,0.789,0.306,141492.041,103819.127,0.005
0.971,1.566,1463,1967.796,0.789,0.306,141264.184,103858.805,0.005
0.971,1.566,1463,1967.796,0.789,0.306,141049.472,103896.272,0.005
0.971,1.566,1463,1967.796,0.789,0.306,140847.963,103931.286,0.005
0.971,1.566,1463,1967.796,0.789,0.306,140659.047,103963.689,0.005
0.971,1.566,1463,1967.796,0.789,0.306,140481.789,103993.4,0.005
0.971,1.566,1463,1967.796,0.789,0.306,140315.17,104020.403,0.005
0.971,1.566,1463,1967.796,0.789,0.306,140158.245,104044.727,0.005
0.971,1.566,1463,1967.796,0.789,0.306,140010.201,104066.436,0.005
0.971,1.566,1463,1967.796,0.789,0.306,139870.4,104085.621,0.005
0.971,1.566,1463,1967.796,0.789,0.306,139738.368,104102.385,0.005
0.971,1.566,1463,1967.796,0.789,0.306,139613.75,104116.836,0.005
0.971,1.566,1463,1967.796,0.789,0.306,139496.267,104129.082,0.005
0.971,1.566,1463,1967.796,0.789,0.306,139385.232,104139.227,0.005
0.971,1.566,1463,1967.796,0.789,0.306,139278.783,104147.348,0.005
0.971,1.566,1463,1967.796,0.789,0.306,139176.472,104153.51,0.005
0.971,1.566,1463,1967.796,0.789,0.306,139078.454,104157.789,0.005
0.971,1.566,1463,1967.796,0.789,0.306,138985.109,104160.267,0.005
0.971,1.566,1463,1967.796,0.789,0.306,138896.838,104161.027,0.005
0.971,1.566,1463,1967.796,0.789,0.306,138813.946,104160.149,0.005
0.971,1.566,1463,1967.796,0.789,0.306,138736.598,104157.712,0.005
0.971,1.566,1463,1967.796,0.789,0.306,138664.811,104153.797,0.005
0.971,1.566,1463,1967.796,0.789,0.306,138598.483,104148.484,0.005
0.971,1.566,1463,1967.796,0.789,0.306,138537.421,104141.859,0.005
0.971,1.566,1463,1967.796,0.789,0.306,138481.378,104134.009,0.005
0.971,1.566,1463,1967.796,0.789,0.306,138430.078,104125.029,0.005
0.971,1.566,1463,1967.796,0.789,0.306,138383.24,104115.015,0.005
0.971,1.566,1463,1967.796,0.789,0.306,138340.592,104104.065,0.005
0.971,1.566,1463,1967.796,0.789,0.306,138301.876,104092.279,0.005
0.971,1.566,1463,1967.796,0.789,0.306,138266.857,104079.754,0.005
0.971,1.566,1463,1967.796,0.789,0.306,138235.317,104066.587,0.005
0.971,1.566,1463,1967.796,0.789,0.306,138207.057,104052.87,0.005
0.971,1.566,1463,1967.796,0.789,0.306,138178.924,104038.694,0.005
0.971,1.566,1463,1967.796,0.789,0.306,138144.901,104023.984,0.005
0.971,1.566,1463,1967.796,0.789,0.306,138104.63,104004.843,0.005
0.971,1.566,1463,1967.796,0.789,0.306,138059.645,103979.437,0.005
0.971,1.566,1463,1967.796,0.789,0.306,138012.267,103948.904,0.005
0.971,1.566,1463,1967.796,0.789,0.306,137964.871,103915.076,0.005
0.971,1.566,1463,1967.796,0.789,0.306,137919.467,103879.816,0.005
0.971,1.566,1463,1967.796,0.789,0.306,137877.523,103844.699,0.005
0.971,1.566,1463,1967.796,0.789,0.306,137839.957,103810.905,0.005
0.971,1.566,1463,1967.796,0.789,0.306,137807.214,103779.225,0.005
0.971,1.566,1463,1967.796,0.789,0.306,137779.381,103750.129,0.005
0.971,1.566,1463,1967.796,0.789,0.306,137756.315,103723.844,0.005
0.971,1.566,1463,1967.796,0.789,0.306,137737.738,103700.424,0.005
0.971,1.566,1463,1967.796,0.789,0.306,137723.323,103679.813,0.005
0.971,1.566,1463,1967.796,0.789,0.306,137712.742,103661.891,0.005
0.971,1.566,1463,1967.796,0.789,0.306,137705.696,103646.502,0.005
0.971,1.566,1463,1967.796,0.789,0.306,137701.925,103633.48,0.005
0.971,1.566,1463,1967.796,0.789,0.306,137701.214,103622.66,0.005
0.971,1.566,1463,1967.796,0.789,0.306,137703.382,103613.88,0.005
0.971,1.566,1463,1967.796,0.789,0.306,137708.273,103606.992,0.005
0.971,1.566,1463,1967.796,0.789,0.306,137715.754,103601.856,0.005
0.971,1.566,1463,1967.796,0.789,0.306,137725.7,103598.345,0.005
0.971,1.566,1463,1967.796,0.789,0.306,137737.994,103596.339,0.005
0.971,1.566,1463,1967.796,0.789,0.306,137752.519,103594.354,0.005
0.971,1.566,1463,1967.796,0.789,0.306,137769.15,103590.339,0.005
0.971,1.566,1463,1967.796,0.789,0.306,137787.754,103584.427,0.005
0.971,1.566,1463,1967.796,0.789,0.306,137808.209,103577.493,0.005
0.971,1.566,1463,1967.796,0.789,0.306,137830.395,103570.657,0.005
0.971,1.566,1463,1967.796,0.789,0.306,137854.196,103564.952,0.005
0.971,1.566,1463,1967.796,0.789,0.306,137879.502,103561.155,0.005
0.971,1.566,1463,1967.796,0.789,0.306,137906.202,103559.729,0.005
0.971,1.566,1463,1967.796,0.789,0.306,137934.192,103560.851,0.005
0.971,1.566,1463,1967.796,0.789,0.306,137963.368,103564.475,0.005
0.971,1.566,1463,1967.796,0.789,0.306,137993.623,103570.41,0.005
0.971,1.566,1463,1967.796,0.789,0.306,138024.862,103578.393,0.005
0.971,1.566,1463,1967.796,0.789,0.306,138057,103588.142,0.005
0.971,1.566,1463,1967.796,0.789,0.306,138089.959,103599.391,0.005
0.971,1.566,1463,1967.796,0.789,0.306,138123.67,103611.908,0.005
0.971,1.566,1463,1967.796,0.789,0.306,138158.064,103625.5,0.005
0.971,1.566,1463,1967.796,0.789,0.306,138193.074,103640.01,0.005
0.971,1.566,1463,1967.796,0.789,0.306,138228.37,103655.308,0.005
0.971,1.566,1463,1967.796,0.789,0.306,138263.535,103671.278,0.005
0.971,1.566,1463,1967.796,0.789,0.306,138298.521,103687.818,0.005
0.971,1.566,1463,1967.796,0.789,0.306,138333.415,103704.837,0.005
0.971,1.566,1463,1967.796,0.789,0.306,138368.352,103722.249,0.005
0.971,1.566,1463,1967.796,0.789,0.306,138403.464,103739.973,0.005
0.971,1.566,1463,1967.796,0.789,0.306,138438.848,103757.93,0.005
0.971,1.566,1463,1967.796,0.789,0.306,138474.557,103776.042,0.005
0.971,1.566,1463,1967.796,0.789,0.306,138510.597,103794.236,0.005
0.971,1.566,1463,1967.796,0.789,0.306,138546.937,103812.443,0.005
0.971,1.566,1463,1967.796,0.789,0.306,138583.52,103830.601,0.005
0.971,1.566,1463,1967.796,0.789,0.306,138620.275,103848.653,0.005
0.971,1.566,1463,1967.796,0.789,0.306,138657.124,103866.545,0.005
0.971,1.566,1463,1967.796,0.789,0.306,138693.988,103884.233,0.005
0.971,1.566,1463,1967.796,0.789,0.306,138730.795,103901.676,0.005
0.971,1.566,1463,1967.796,0.789,0.306,138767.478,103918.838,0.005
0.971,1.566,1463,1967.796,0.789,0.306,138803.976,103935.685,0.005
0.971,1.566,1463,1967.796,0.789,0.306,138840.237,103952.19,0.005
0.971,1.566,1463,1967.796,0.789,0.306,138876.213,103968.326,0.005
0.971,1.566,1463,1967.796,0.789,0.306,138911.86,103984.072,0.005
0.971,1.566,1463,1967.796,0.789,0.306,138947.136,103999.406,0.005
0.971,1.566,1463,1967.796,0.789,0.306,138982.004,104014.312,0.005
0.971,1.566,1463,1967.796,0.789,0.306,139016.428,104028.775,0.005
0.971,1.566,1463,1967.796,0.789,0.306,139050.375,104042.781,0.005
0.971,1.566,1463,1967.796,0.789,0.306,139083.816,104056.32,0.005
0.971,1.566,1463,1967.796,0.789,0.306,139116.722,104069.384,0.005
0.971,1.566,1463,1967.796,0.789,0.306,139149.066,104081.965,0.005
0.971,1.566,1463,1967.796,0.789,0.306,139180.821,104094.059,0.005
0.971,1.566,1463,1967.796,0.789,0.306,139211.966,104105.664,0.005
0.971,1.566,1463,1967.796,0.789,0.306,139242.477,104116.779,0.005
0.971,1.566,1463,1967.796,0.789,0.306,139272.334,104127.404,0.005
0.971,1.566,1463,1967.796,0.789,0.306,139301.52,104137.542,0.005
0.971,1.566,1463,1967.796,0.789,0.306,139330.017,104147.195,0.005
0.971,1.566,1463,1967.796,0.789,0.306,139357.812,104156.37,0.005
0.971,1.566,1463,1967.796,0.789,0.306,139384.891,104165.071,0.005
0.971,1.566,1463,1967.796,0.789,0.306,139411.243,104173.307,0.005
0.971,1.566,1463,1967.796,0.789,0.306,139436.835,104181.085,0.005
0.971,1.566,1463,1967.796,0.789,0.306,139461.383,104188.413,0.005
0.971,1.566,1463,1967.796,0.789,0.306,139484.766,104195.3,0.005
0.971,1.566,1463,1967.796,0.789,0.306,139507.026,104201.753,0.005
0.971,1.566,1463,1967.796,0.789,0.306,139528.27,104207.783,0.005
0.971,1.566,1463,1967.796,0.789,0.306,139548.625,104213.4,0.005
0.971,1.566,1463,1967.796,0.789,0.306,139568.208,104218.617,0.005
0.971,1.566,1463,1967.796,0.789,0.306,139587.113,104223.447,0.005
0.971,1.566,1463,1967.796,0.789,0.306,139605.404,104227.903,0.005
0.971,1.566,1463,1967.796,0.789,0.306,139623.116,104231.998,0.005
0.971,1.566,1463,1967.796,0.789,0.306,139640.265,104235.747,0.005
0.971,1.566,1463,1967.796,0.789,0.306,139656.852,104239.161,0.005
0.971,1.566,1463,1967.796,0.789,0.306,139672.869,104242.199,0.005
0.971,1.566,1463,1967.796,0.789,0.306,139688.304,104244.335,0.005
0.971,1.566,1463,1967.796,0.789,0.306,139703.143,104245.412,0.005
0.971,1.566,1463,1967.796,0.789,0.306,139717.374,104245.583,0.005
0.971,1.566,1463,1967.796,0.789,0.306,139730.992,104244.976,0.005
0.971,1.566,1463,1967.796,0.789,0.306,139743.992,104243.356,0.005
0.971,1.566,1463,1967.796,0.789,0.306,139756.374,104240.966,0.005
0.971,1.566,1463,1967.796,0.789,0.306,139768.139,104238.161,0.005
0.971,1.566,1463,1967.796,0.789,0.306,139779.294,104235.265,0.005
0.971,1.566,1463,1967.796,0.789,0.306,139789.845,104232.526,0.005
0.971,1.566,1463,1967.796,0.789,0.306,139799.803,104230.108,0.005
0.971,1.566,1463,1967.796,0.789,0.306,139809.177,104228.1,0.005
0.971,1.566,1463,1967.796,0.789,0.306,139817.978,104226.537,0.005
0.971,1.566,1463,1967.796,0.789,0.306,139826.219,104225.417,0.005
0.971,1.566,1463,1967.796,0.789,0.306,139833.913,104224.716,0.005
0.971,1.566,1463,1967.796,0.789,0.306,139841.075,104224.4,0.005
0.971,1.566,1463,1967.796,0.789,0.306,139847.719,104224.432,0.005
0.971,1.566,1463,1967.796,0.789,0.306,139853.859,104224.773,0.005
0.971,1.566,1463,1967.796,0.789,0.306,139859.513,104225.388,0.005
0.971,1.566,1463,1967.796,0.789,0.306,139864.695,104226.241,0.005
0.971,1.566,1463,1967.796,0.789,0.306,139869.422,104227.302,0.005
0.971,1.566,1463,1967.796,0.789,0.306,139873.707,104228.541,0.005
0.971,1.566,1463,1967.796,0.789,0.306,139877.568,104229.932,0.005
0.971,1.566,1463,1967.796,0.789,0.306,139881.018,104231.447,0.005
0.971,1.566,1463,1967.796,0.789,0.306,139884.073,104233.064,0.005
0.971,1.566,1463,1967.796,0.789,0.306,139886.746,104234.76,0.005
0.971,1.566,1463,1967.796,0.789,0.306,139889.052,104236.515,0.005
0.971,1.566,1463,1967.796,0.789,0.306,139891.004,104238.311,0.005
0.971,1.566,1463,1967.796,0.789,0.306,139892.616,104240.129,0.005
0.971,1.566,1463,1967.796,0.789,0.306,139893.901,104241.955,0.005
0.971,1.566,1463,1967.796,0.789,0.306,139894.872,104243.773,0.005
0.971,1.566,1463,1967.796,0.789,0.306,139895.542,104245.571,0.005
0.971,1.566,1463,1967.796,0.789,0.306,139895.924,104247.336,0.005
0.971,1.566,1463,1967.796,0.789,0.306,139896.029,104249.058,0.005
0.971,1.566,1463,1967.796,0.789,0.306,139895.869,104250.726,0.005
0.971,1.566,1463,1967.796,0.789,0.306,139895.456,104252.332,0.005
0.971,1.566,1463,1967.796,0.789,0.306,139894.803,104253.869,0.005
0.971,1.566,1463,1967.796,0.789,0.306,139893.919,104255.329,0.005
0.971,1.566,1463,1967.796,0.789,0.306,139892.818,104256.707,0.005
0.971,1.566,1463,1967.796,0.789,0.306,139891.508,104257.997,0.005
0.971,1.566,1463,1967.796,0.789,0.306,139890.003,104259.196,0.005
0.971,1.566,1463,1967.796,0.789,0.306,139888.311,104260.3,0.005
0.971,1.566,1463,1967.796,0.789,0.306,139886.444,104261.306,0.005
0.971,1.566,1463,1967.796,0.789,0.306,139884.411,104262.212,0.005
0.971,1.566,1463,1967.796,0.789,0.306,139882.223,104263.017,0.005
0.971,1.566,1463,1967.796,0.789,0.306,139879.889,104263.719,0.005
0.971,1.566,1463,1967.796,0.789,0.306,139877.418,104264.318,0.005
0.971,1.566,1463,1967.796,0.789,0.306,139874.82,104264.814,0.005
0.971,1.566,1463,1967.796,0.789,0.306,139872.103,104265.207,0.005
0.971,1.566,1463,1967.796,0.789,0.306,139869.276,104265.499,0.005
0.971,1.566,1463,1967.796,0.789,0.306,139866.348,104265.691,0.005
0.971,1.566,1463,1967.796,0.789,0.306,139863.325,104265.785,0.005
0.971,1.566,1463,1967.796,0.789,0.306,139860.205,104265.782,0.005
0.971,1.566,1463,1967.796,0.789,0.306,139856.989,104265.684,0.005
0.971,1.566,1463,1967.796,0.789,0.306,139853.689,104265.496,0.005
0.971,1.566,1463,1967.796,0.789,0.306,139850.317,104265.218,0.005
0.971,1.566,1463,1967.796,0.789,0.306,139846.885,104264.855,0.005
0.971,1.566,1463,1967.796,0.789,0.306,139843.406,104264.409,0.005
0.971,1.566,1463,1967.796,0.789,0.306,139839.889,104263.884,0.005
0.971,1.566,1463,1967.796,0.789,0.306,139836.344,104263.284,0.005
0.971,1.566,1463,1967.796,0.789,0.306,139832.776,104262.612,0.005
0.971,1.566,1463,1967.796,0.789,0.306,139829.193,104261.871,0.005
0.971,1.566,1463,1967.796,0.789,0.306,139825.6,104261.067,0.005
0.971,1.566,1463,1967.796,0.789,0.306,139822.002,104260.203,0.005
0.971,1.566,1463,1967.796,0.789,0.306,139818.402,104259.282,0.005
0.971,1.566,1463,1967.796,0.789,0.306,139814.805,104258.31,0.005
0.971,1.566,1463,1967.796,0.789,0.306,139811.214,104257.289,0.005
0.971,1.566,1463,1967.796,0.789,0.306,139807.635,104256.224,0.005
0.971,1.566,1463,1967.796,0.789,0.306,0,0,0.005
